image_id,verdict,keypoints,inliers,time_s,F1,IoU,precision,recall,MCC
10,forged,8000,7,0.62,0.0,0.0,0.0,0.0,-0.008
10015,forged,8000,12,0.35,0.5889,0.4174,0.5026,0.711,0.5969
10017,forged,8001,10,0.26,0.3301,0.1977,0.1977,1.0,0.4313
10030,forged,8000,594,1.53,0.8402,0.7244,0.7244,1.0,0.8391
10070,forged,8000,30,0.46,0.477,0.3132,0.3834,0.6308,0.4792
1008,forged,8000,7,0.39,0.0409,0.0209,0.058,0.0316,-0.0025
10138,forged,8000,677,0.79,0.796,0.6611,0.9712,0.6743,0.8001
10139,forged,8000,4,0.89,0.0464,0.0237,0.028,0.1338,0.0575
10147,forged,8000,26,0.53,0.6448,0.4757,1.0,0.4757,0.6886
10152,forged,8001,263,0.37,0.7932,0.6572,0.6576,0.9992,0.7938
10176,forged,8000,464,0.88,0.9117,0.8378,0.8418,0.9944,0.9074
10180,forged,8000,429,0.92,0.8649,0.762,0.7625,0.9991,0.8635
10208,forged,8000,47,0.54,0.5677,0.3963,0.3963,1.0,0.6233
10266,forged,8000,454,1.1,0.8581,0.7514,0.7515,0.9999,0.8554
10277,forged,8001,395,1.0,0.8873,0.7974,0.8057,0.9872,0.8793
10290,forged,8001,20,0.39,0.6424,0.4732,0.792,0.5404,0.6526
10296,forged,1151,10,0.05,0.2981,0.1751,0.1751,1.0,0.3113
10307,forged,8000,15,0.37,0.0,0.0,0.0,0.0,-0.0024
10348,forged,7981,7,0.32,0.0258,0.0131,0.0151,0.091,-0.0003
10398,forged,8000,13,0.52,0.2886,0.1686,0.1899,0.6011,0.3332
10408,forged,8000,29,0.26,0.555,0.3841,0.3844,0.9976,0.568
1041,forged,4909,10,0.2,0.4705,0.3076,0.3076,1.0,0.5382
10435,forged,8000,125,0.8,0.796,0.6611,0.9225,0.6999,0.7822
10448,forged,8000,197,0.3,0.7921,0.6557,0.6557,1.0,0.774
10457,forged,8000,10,0.32,0.1558,0.0845,0.0845,1.0,0.2837
10458,forged,8000,30,0.31,0.7147,0.556,0.6008,0.8818,0.7078
10476,forged,8000,455,1.01,0.8651,0.7623,0.7623,1.0,0.8642
10505,forged,8001,434,0.39,0.9071,0.8299,0.8299,1.0,0.891
10570,forged,8001,350,0.89,0.8578,0.751,0.9436,0.7863,0.8141
10602,forged,8000,67,0.63,0.8151,0.6879,0.6948,0.9857,0.822
10632,forged,8001,6,0.34,0.0586,0.0302,0.0307,0.6667,0.1273
10636,forged,8002,70,0.38,0.8123,0.6839,0.6842,0.9992,0.8165
10645,forged,8000,36,0.33,0.7795,0.6387,0.7085,0.8663,0.7343
1070,forged,8000,5,0.74,0.0001,0.0001,0.0002,0.0001,-0.0262
10703,forged,8000,17,0.54,0.0,0.0,0.0,0.0,-0.0101
10730,forged,8001,290,0.96,0.8981,0.8151,0.8184,0.9951,0.8954
10742,forged,8000,7,0.38,0.1808,0.0994,0.1048,0.6557,0.2542
10799,forged,8000,779,0.99,0.8515,0.7414,0.9766,0.7548,0.8514
10838,forged,8000,74,0.48,0.8126,0.6843,0.7107,0.9485,0.8133
10855,forged,8000,61,0.36,0.4532,0.293,0.3442,0.6632,0.449
10878,forged,8000,42,0.36,0.7293,0.5739,0.5739,1.0,0.7481
10884,forged,8000,835,0.4,0.8913,0.804,0.8551,0.9308,0.8228
10886,forged,8001,145,1.06,0.67,0.5037,0.8525,0.5518,0.6539
10911,forged,8000,7,0.33,0.0,0.0,0.0,0.0,-0.0082
10939,forged,8000,46,0.37,0.6947,0.5322,0.5322,1.0,0.7184
10951,forged,8000,60,0.44,0.8243,0.7012,0.7015,0.9993,0.8279
1097,forged,8000,24,0.39,0.0,0.0,0.0,0.0,-0.0298
10980,forged,8000,10,0.52,0.7866,0.6483,0.6611,0.971,0.7993
10986,forged,5641,32,0.23,0.0,0.0,0.0,0.0,-0.0643
10991,forged,8000,5,0.3,0.0,0.0,0.0,0.0,-0.0204
10992,forged,8000,857,1.03,0.8955,0.8108,0.8116,0.9987,0.8903
1101,forged,8000,7,0.37,0.2477,0.1414,0.153,0.6497,0.3146
11010,forged,8000,18,0.37,0.4366,0.2792,0.2834,0.9495,0.5181
11014,authentic,8000,0,0.37,0.0,0.0,0.0,0.0,0.0
11128,forged,8000,395,0.41,0.7744,0.6318,0.6318,1.0,0.7773
11130,forged,8000,14,0.37,0.3761,0.2316,0.2321,0.9905,0.472
11206,forged,8000,267,0.96,0.8921,0.8052,0.8124,0.9892,0.8891
11223,forged,8000,15,0.34,0.3393,0.2043,0.2063,0.9562,0.4434
11240,forged,8001,64,0.44,0.8518,0.7419,0.8438,0.86,0.8336
11249,forged,8000,13,0.65,0.3895,0.2419,1.0,0.2419,0.4682
11277,forged,8000,8,0.36,0.6585,0.4908,0.5368,0.8514,0.6754
11296,forged,8001,16,0.62,0.5967,0.4252,0.4252,1.0,0.6486
11299,forged,8000,983,0.86,0.9037,0.8243,0.8364,0.9828,0.9008
11307,forged,8000,12,0.77,0.3634,0.222,0.2259,0.9278,0.4528
11333,forged,8000,9,0.41,0.0,0.0,0.0,0.0,-0.0023
11356,forged,8000,19,0.35,0.2881,0.1683,0.1864,0.6336,0.3232
1137,forged,8000,54,0.36,0.0,0.0,0.0,0.0,-0.0326
11392,forged,8001,439,1.12,0.8488,0.7374,0.7374,1.0,0.8498
11399,forged,8000,41,0.35,0.2954,0.1733,0.2271,0.4225,0.3049
11426,forged,8000,770,0.65,0.9125,0.839,0.8404,0.998,0.8942
1143,forged,8000,3,0.81,0.0703,0.0364,0.0543,0.0997,0.0717
11440,forged,8000,6,0.3,0.0,0.0,0.0,0.0,-0.0246
11446,forged,8000,25,0.34,0.3939,0.2453,0.2802,0.6629,0.4298
11501,forged,8000,879,0.83,0.9218,0.8549,0.9782,0.8715,0.8927
11508,forged,8001,5,0.33,0.0,0.0,0.0,0.0,-0.0022
11513,forged,8000,7,0.32,0.5018,0.335,0.3356,0.994,0.5667
11547,forged,8000,16,0.36,0.4947,0.3287,0.403,0.6404,0.5067
11548,forged,8001,359,1.01,0.0,0.0,0.0,0.0,-0.1237
11639,forged,8001,506,1.14,0.8699,0.7698,0.7698,1.0,0.868
11646,forged,8000,188,0.6,0.8641,0.7607,0.7628,0.9965,0.864
11662,forged,8000,6,0.32,0.1809,0.0994,0.0994,1.0,0.3049
11698,forged,7084,51,0.25,0.604,0.4327,0.4327,1.0,0.5959
11708,forged,8000,201,0.56,0.8267,0.7046,0.7353,0.9441,0.8228
1173,forged,8000,23,0.35,0.0302,0.0153,0.0166,0.1682,-0.0059
1174,forged,8003,28,0.59,0.6197,0.449,0.6061,0.6339,0.6114
11740,forged,8000,12,0.62,0.3166,0.1881,0.1881,1.0,0.4314
11747,forged,8000,8,0.63,0.0,0.0,0.0,0.0,-0.0054
11761,forged,8000,303,0.6,0.8596,0.7538,0.7539,0.9999,0.8524
11764,forged,8000,12,0.36,0.0,0.0,0.0,0.0,-0.0012
11785,forged,8001,19,0.52,0.0,0.0,0.0,0.0,-0.0272
11854,forged,8000,43,0.35,0.366,0.224,0.2847,0.5123,0.3786
11904,forged,8000,16,0.34,0.0086,0.0043,0.005,0.0316,-0.0388
11910,forged,8000,230,1.03,0.8996,0.8175,0.8283,0.9842,0.8957
11919,forged,8001,271,0.46,0.9302,0.8695,0.9089,0.9525,0.9134
11942,forged,8000,14,0.35,0.3176,0.1888,0.1888,1.0,0.4261
11954,forged,8001,5,0.49,0.5206,0.3519,0.3527,0.9939,0.5907
11964,forged,8001,47,0.36,0.4948,0.3287,0.4023,0.6427,0.4749
11985,forged,8000,453,0.93,0.9312,0.8713,0.8765,0.9932,0.9252
1201,forged,8000,4,1.31,0.4434,0.2848,0.3726,0.5472,0.45
12019,forged,8000,9,0.37,0.5099,0.3422,0.4675,0.5609,0.511
12025,forged,8000,126,0.34,0.761,0.6142,0.9152,0.6513,0.7562
12046,forged,8001,17,0.35,0.5069,0.3395,0.4181,0.6437,0.5171
12051,forged,8000,92,0.62,0.0381,0.0194,0.0213,0.1814,0.0523
12063,forged,8000,33,0.54,0.5699,0.3985,0.3988,0.9983,0.6278
12064,forged,8000,481,0.34,0.9095,0.834,0.8427,0.9877,0.8805
12073,forged,8000,13,0.3,0.1413,0.076,0.076,1.0,0.2688
12115,forged,8000,4,0.56,0.0,0.0,0.0,0.0,-0.006
12124,forged,8001,268,0.6,0.6247,0.4542,0.4571,0.9861,0.6559
12143,forged,8000,12,0.34,0.3441,0.2078,0.2333,0.6557,0.3902
12149,forged,8001,32,0.39,0.468,0.3055,0.3055,1.0,0.5361
12150,forged,8000,8,0.65,0.0,0.0,0.0,0.0,-0.0059
12184,forged,8000,3,0.57,0.0449,0.023,0.0447,0.0451,0.0292
12244,forged,8000,1159,0.96,0.9367,0.8809,0.929,0.9445,0.9346
1225,forged,8000,313,0.4,0.8662,0.764,0.7684,0.9926,0.854
12261,forged,7522,6,0.3,0.1825,0.1004,0.1149,0.4426,0.1944
12262,forged,8000,17,0.35,0.3343,0.2007,0.2007,1.0,0.4391
12265,forged,8000,24,0.36,0.3247,0.1938,0.1938,1.0,0.4393
12289,forged,8002,280,0.87,0.6043,0.4329,0.9112,0.452,0.6324
12298,forged,8000,70,1.0,0.5602,0.3891,0.7814,0.4366,0.5621
12299,forged,8000,20,0.42,0.5451,0.3747,0.3749,0.9988,0.6113
12300,forged,8000,6,0.57,0.7519,0.6025,0.6395,0.9123,0.7618
12307,forged,8000,61,0.51,0.4225,0.2678,0.8205,0.2845,0.4308
12335,forged,8000,4,0.57,0.0,0.0,0.0,0.0,-0.0077
12355,forged,8000,822,1.0,0.8705,0.7707,0.7707,1.0,0.8668
12363,forged,8001,4,0.31,0.1382,0.0742,0.0742,1.0,0.2675
12364,forged,8000,533,0.49,0.8215,0.6971,0.6978,0.9984,0.8234
12366,forged,8000,8,0.34,0.069,0.0357,0.0377,0.4016,0.0952
1237,forged,8000,112,0.66,0.0,0.0,0.0,0.0,-0.0211
12412,forged,8002,317,0.55,0.9008,0.8195,0.8433,0.9667,0.8857
12427,forged,8000,901,0.33,0.9234,0.8577,0.8582,0.9994,0.8974
12446,forged,8000,7,0.31,0.0,0.0,0.0,0.0,-0.0361
12459,forged,8000,4,0.32,0.0,0.0,0.0,0.0,-0.0017
12505,forged,8000,90,0.52,0.8684,0.7674,0.9872,0.775,0.8735
1251,forged,8000,19,0.4,0.5558,0.3848,0.8856,0.405,0.5951
12557,forged,8000,720,0.78,0.9021,0.8216,0.9551,0.8546,0.8999
12572,forged,8001,27,0.66,0.0,0.0,0.0,0.0,-0.005
12574,forged,8000,581,0.88,0.8728,0.7742,0.7742,1.0,0.8706
12589,forged,7896,8,0.31,0.0,0.0,0.0,0.0,-0.0331
12612,forged,8000,694,0.81,0.8927,0.8062,0.9713,0.8259,0.8916
12615,forged,8000,5,0.62,0.5362,0.3663,0.4582,0.646,0.5418
12629,forged,8000,7,0.35,0.1625,0.0884,0.0884,1.0,0.2912
1270,forged,8000,19,0.34,0.4157,0.2624,0.3006,0.6736,0.4485
12705,forged,8000,6,0.29,0.0,0.0,0.0,0.0,-0.0159
1272,forged,8000,11,0.3,0.1912,0.1057,0.1057,1.0,0.3136
12747,forged,8000,620,0.97,0.9155,0.8442,0.8483,0.9943,0.9071
12793,forged,8001,201,1.1,0.8963,0.812,0.8628,0.9325,0.8838
12798,forged,8000,114,0.65,0.7041,0.5434,0.9841,0.5482,0.7292
12809,forged,8001,19,0.36,0.4171,0.2635,0.2973,0.6984,0.3986
12823,forged,8000,42,0.42,0.6164,0.4455,0.4455,1.0,0.6548
12862,forged,8000,5,0.37,0.0,0.0,0.0,0.0,-0.0066
12879,forged,8000,125,0.42,0.4114,0.259,0.2591,0.9991,0.4831
12908,forged,8000,18,0.6,0.0,0.0,0.0,0.0,-0.0219
12912,forged,8000,8,0.34,0.3137,0.1861,0.2069,0.6483,0.3414
12919,forged,8001,53,0.4,0.8002,0.667,0.7014,0.9313,0.8063
12924,forged,8000,840,0.89,0.8802,0.786,0.9637,0.81,0.8777
13020,forged,8000,206,0.32,0.6801,0.5152,0.5152,1.0,0.6574
13072,forged,8000,6,0.33,0.0,0.0,0.0,0.0,-0.0024
13108,forged,8000,11,0.34,0.2776,0.1612,0.1612,1.0,0.393
13115,forged,8001,15,0.33,0.0,0.0,0.0,0.0,-0.0338
13121,forged,8000,10,0.47,0.7309,0.576,0.6361,0.859,0.7304
13123,forged,8001,12,0.62,0.0,0.0,0.0,0.0,-0.0089
13187,forged,8000,75,0.35,0.578,0.4065,0.5044,0.6769,0.5798
13219,forged,8000,16,0.4,0.4583,0.2973,0.3367,0.7174,0.4904
13254,forged,8000,8,0.55,0.4957,0.3295,0.402,0.6463,0.5035
13315,forged,8000,11,0.49,0.0,0.0,0.0,0.0,-0.017
13333,forged,8000,58,0.37,0.8166,0.69,0.6934,0.993,0.8287
13361,forged,8000,5,0.41,0.0,0.0,0.0,0.0,-0.0168
13415,forged,8000,36,0.56,0.6912,0.5281,0.5281,1.0,0.721
13426,forged,8000,74,0.51,0.5949,0.4234,0.4234,1.0,0.6437
13444,forged,8000,391,0.98,0.8889,0.8,0.8022,0.9966,0.8831
13451,forged,8001,56,0.58,0.0757,0.0393,0.2579,0.0443,-0.0306
13510,forged,8000,64,0.34,0.0,0.0,0.0,0.0,-0.048
13511,forged,8001,1094,0.89,0.0,0.0,0.0,0.0,-0.0497
13516,forged,8000,661,1.0,0.8749,0.7776,0.7776,1.0,0.8686
1353,forged,8001,83,1.03,0.6397,0.4703,0.9765,0.4757,0.6556
13603,forged,8001,7,0.32,0.0655,0.0338,0.036,0.3636,0.0992
13611,forged,8000,28,0.29,0.3406,0.2052,0.2314,0.6445,0.3296
13624,forged,8000,3,1.92,0.0,0.0,0.0,0.0,-0.0023
13635,forged,8001,199,0.44,0.6517,0.4833,0.8033,0.5482,0.6049
13665,forged,8000,62,0.57,0.7633,0.6172,0.9959,0.6187,0.7832
13670,forged,8000,795,1.0,0.9004,0.8189,0.8279,0.9869,0.8908
13677,forged,6179,8,0.27,0.0571,0.0294,0.0304,0.4708,0.0939
13725,forged,8000,33,0.38,0.272,0.1574,0.2136,0.3741,0.2797
13732,forged,8000,12,0.5,0.0,0.0,0.0,0.0,-0.0134
13734,forged,8002,6,0.32,0.0,0.0,0.0,0.0,-0.0038
13742,forged,8001,20,0.35,0.5982,0.4267,0.5648,0.6358,0.5977
13744,forged,8001,6,0.57,0.0,0.0,0.0,0.0,-0.0045
13785,forged,8001,12,0.32,0.2219,0.1248,0.1576,0.3749,0.24
13799,forged,8003,1002,0.36,0.9123,0.8388,0.8388,0.9999,0.8249
13813,forged,8000,374,1.05,0.8901,0.8019,0.8221,0.9703,0.8831
13839,forged,8000,4,0.5,0.0,0.0,0.0,0.0,-0.0086
13846,forged,8000,27,0.49,0.8017,0.669,0.7354,0.8811,0.7947
1385,forged,8000,111,0.69,0.4976,0.3312,0.3424,0.9103,0.5505
1386,forged,8001,692,0.97,0.9235,0.8579,0.8725,0.9809,0.9105
13863,forged,8000,54,0.33,0.8033,0.6713,0.6713,1.0,0.8182
13893,forged,8000,42,0.51,0.6302,0.4601,0.634,0.6265,0.6023
13898,forged,8000,10,0.62,0.0,0.0,0.0,0.0,-0.0107
13905,forged,8000,14,0.39,0.4412,0.283,0.3894,0.5089,0.4432
13920,forged,8000,10,0.35,0.6422,0.473,0.4734,0.9981,0.6868
13957,forged,8002,5,0.3,0.1467,0.0792,0.0792,1.0,0.2722
13971,forged,8000,5,0.47,0.1157,0.0614,0.0671,0.4206,0.1609
13986,forged,8000,3,0.41,0.0,0.0,0.0,0.0,-0.0005
13989,forged,8000,5,0.31,0.0,0.0,0.0,0.0,-0.0176
14010,forged,8000,16,0.3,0.0,0.0,0.0,0.0,-0.0302
14048,forged,8000,358,1.05,0.8609,0.7558,0.7596,0.9933,0.8603
14070,forged,8000,217,0.3,0.761,0.6142,0.8578,0.6838,0.7443
14087,forged,8002,6,0.3,0.0,0.0,0.0,0.0,-0.0216
14094,forged,8000,53,0.52,0.7772,0.6356,0.7784,0.7761,0.7505
14101,forged,8000,13,0.35,0.526,0.3568,0.4703,0.5966,0.5283
14111,forged,8000,3,0.39,0.0,0.0,0.0,0.0,-0.0013
14114,forged,8000,193,0.95,0.0,0.0,0.0,0.0,-0.0798
14123,forged,8000,669,1.0,0.9008,0.8196,0.8251,0.9919,0.8944
14153,forged,8000,3,0.48,0.0,0.0,0.0,0.0,-0.0053
14170,forged,7912,7,0.33,0.1214,0.0646,0.0662,0.7372,0.2021
14184,forged,8000,90,0.64,0.5918,0.4202,0.545,0.6473,0.5724
1419,forged,8000,60,0.7,0.8091,0.6793,0.9805,0.6886,0.8206
14203,forged,7967,8,0.38,0.2967,0.1742,0.1742,1.0,0.4033
14205,forged,8004,46,0.36,0.6779,0.5128,0.7275,0.6346,0.6078
14227,forged,8000,24,0.56,0.7689,0.6245,0.6391,0.9646,0.7792
14324,forged,6463,11,0.31,0.3472,0.2101,0.2103,0.994,0.4371
14331,forged,8000,15,0.51,0.5138,0.3457,0.5026,0.5255,0.512
14371,forged,8000,46,0.45,0.7844,0.6453,0.8859,0.7038,0.7875
14389,forged,8000,225,0.46,0.8736,0.7756,0.7796,0.9934,0.8681
14401,forged,7851,589,0.32,0.6807,0.516,0.516,1.0,0.647
14403,forged,8001,12,0.43,0.0,0.0,0.0,0.0,-0.0034
14436,forged,8001,22,0.39,0.5839,0.4123,0.4123,1.0,0.6281
14462,forged,8000,100,0.44,0.6954,0.5331,0.5331,1.0,0.7204
14478,forged,8000,75,0.63,0.8554,0.7473,0.987,0.7548,0.862
14498,forged,8000,17,0.36,0.2378,0.135,0.135,1.0,0.3478
14506,forged,8000,20,0.86,0.4937,0.3278,0.3371,0.9218,0.5537
14594,forged,8001,11,0.39,0.0,0.0,0.0,0.0,-0.0026
14605,forged,8001,128,0.72,0.9104,0.8355,0.9865,0.8452,0.9121
14608,forged,8000,6,0.35,0.2429,0.1382,0.1382,1.0,0.3622
14618,forged,8000,15,0.36,0.0296,0.015,0.018,0.0832,-0.0096
14622,forged,8002,142,1.09,0.865,0.7622,0.8892,0.8422,0.856
14624,forged,8002,64,0.41,0.8107,0.6817,0.7221,0.9241,0.8045
14664,forged,8001,13,0.67,0.0029,0.0014,0.0021,0.0047,-0.0058
1467,forged,8001,15,0.34,0.7399,0.5872,0.6674,0.8302,0.7437
14690,forged,8000,593,0.97,0.8923,0.8056,0.8073,0.9974,0.8831
14692,forged,8000,14,0.37,0.5296,0.3602,0.6269,0.4585,0.5349
14700,forged,8000,14,0.56,0.5365,0.3666,0.3666,1.0,0.6024
14710,forged,8001,9,0.37,0.1162,0.0617,0.0617,1.0,0.2399
14716,forged,8000,19,0.38,0.0,0.0,0.0,0.0,-0.0029
14720,forged,8001,43,0.4,0.6036,0.4322,0.4322,1.0,0.6424
14747,forged,8000,7,0.35,0.2743,0.1589,0.1615,0.9091,0.3718
14770,forged,5390,44,0.24,0.8247,0.7017,0.8118,0.838,0.7604
14776,forged,7612,248,0.31,0.8565,0.7491,0.7547,0.9901,0.8292
1482,forged,8000,3,0.37,0.0,0.0,0.0,0.0,-0.0013
14820,forged,8000,603,0.98,0.908,0.8315,0.8744,0.9443,0.9038
14822,forged,6778,5,0.27,0.0,0.0,0.0,0.0,-0.03
14829,forged,8000,31,0.35,0.5429,0.3726,0.3747,0.9847,0.6065
14868,forged,8001,10,0.64,0.0,0.0,0.0,0.0,-0.0063
14891,forged,8000,42,1.16,0.8637,0.7601,0.8679,0.8595,0.8605
14898,forged,8001,510,1.13,0.8718,0.7727,0.7729,0.9997,0.8667
14908,forged,2988,6,0.55,0.1935,0.1071,0.1071,1.0,0.3254
14930,forged,8001,143,0.34,0.8862,0.7956,0.9,0.8728,0.8823
14944,forged,8000,131,0.35,0.6996,0.538,0.538,1.0,0.7027
14954,forged,8001,12,0.34,0.2365,0.1341,0.1429,0.6865,0.3017
14959,forged,8000,4,0.61,0.0,0.0,0.0,0.0,-0.0238
14965,forged,8000,185,0.66,0.7852,0.6464,0.6469,0.9987,0.7898
14988,forged,8000,13,0.32,0.0,0.0,0.0,0.0,-0.0121
14999,forged,8000,12,0.31,0.4832,0.3186,0.319,0.996,0.5464
15010,forged,8000,19,0.67,0.5244,0.3554,0.3556,0.9988,0.5922
15035,forged,8001,66,0.3,0.7446,0.5932,0.8975,0.6363,0.7483
15056,forged,8000,11,0.33,0.0656,0.0339,0.0354,0.4503,0.1125
15061,forged,8000,5,0.32,0.0,0.0,0.0,0.0,-0.0022
15120,forged,8000,415,0.64,0.8637,0.7601,0.7848,0.9602,0.8556
15171,forged,8000,58,0.41,0.0,0.0,0.0,0.0,-0.0368
15176,forged,2367,23,0.09,0.4028,0.2522,0.2522,1.0,0.4589
15205,forged,8000,294,0.32,0.6845,0.5204,0.5204,1.0,0.6766
15269,forged,8000,819,0.98,0.0,0.0,0.0,0.0,-0.043
15285,forged,8001,565,1.1,0.0001,0.0001,0.0001,0.0001,-0.0956
15295,forged,8000,478,1.11,0.8896,0.8012,0.8412,0.944,0.8813
15314,forged,8000,15,0.33,0.1243,0.0663,0.0663,1.0,0.2408
15321,forged,8000,13,0.33,0.152,0.0822,0.0822,1.0,0.2721
1536,forged,8000,140,0.33,0.6663,0.4996,0.4996,1.0,0.6794
15369,forged,8000,83,0.56,0.6913,0.5282,0.9911,0.5308,0.7216
1538,forged,8000,522,1.08,0.8652,0.7624,0.7703,0.9868,0.8587
15389,forged,8001,4,0.37,0.2813,0.1636,0.3251,0.2478,0.2827
15409,forged,8000,3,1.06,0.0,0.0,0.0,0.0,-0.0033
15426,forged,8000,129,0.5,0.867,0.7653,0.8095,0.9333,0.8494
15453,forged,8000,564,1.16,0.8775,0.7817,0.7842,0.9961,0.8705
15463,forged,8000,59,0.54,0.2926,0.1714,0.6258,0.1909,0.2258
15566,forged,8001,3,0.65,0.0,0.0,0.0,0.0,-0.0056
15573,forged,8000,13,0.34,0.0,0.0,0.0,0.0,-0.0434
15579,forged,8000,12,0.34,0.4033,0.2526,0.2526,1.0,0.4962
156,forged,8000,20,0.36,0.0,0.0,0.0,0.0,-0.0024
15657,forged,8000,8,0.51,0.0,0.0,0.0,0.0,-0.0096
15660,forged,8001,22,0.32,0.0,0.0,0.0,0.0,-0.0495
15670,forged,8000,7,0.64,0.0,0.0,0.0,0.0,-0.0226
15733,forged,8000,350,0.94,0.9299,0.8691,0.8976,0.9647,0.9242
1574,forged,8001,140,0.98,0.9144,0.8423,0.9541,0.8779,0.9081
1575,forged,8001,6,0.33,0.0209,0.0105,0.0109,0.2234,0.0377
15767,forged,8000,581,1.12,0.8547,0.7463,0.8561,0.8534,0.8463
15784,forged,8000,47,0.74,0.6337,0.4638,0.4638,1.0,0.677
1580,forged,8000,77,0.37,0.8665,0.7645,0.7811,0.9729,0.8705
15813,forged,4505,46,0.18,0.6718,0.5058,0.5058,1.0,0.6838
15815,forged,8000,28,0.43,0.7558,0.6074,0.643,0.9164,0.7665
15816,forged,8000,18,0.34,0.007,0.0035,0.0039,0.0379,-0.0164
15835,forged,8000,216,0.46,0.805,0.6736,0.6759,0.9951,0.7967
15860,forged,8000,116,0.37,0.5107,0.3429,0.4201,0.6511,0.4957
1587,forged,8000,7,0.3,0.0594,0.0306,0.0315,0.5224,0.117
15879,forged,8001,47,0.56,0.5884,0.4169,0.6624,0.5293,0.5648
15886,forged,8000,3,0.41,0.0,0.0,0.0,0.0,-0.0014
15913,forged,8000,9,0.32,0.2155,0.1208,0.1208,1.0,0.3392
15940,forged,8000,47,0.6,0.7715,0.628,0.6368,0.9786,0.7849
15987,forged,8000,3,0.57,0.0,0.0,0.0,0.0,-0.0046
15994,forged,8001,889,0.86,0.9575,0.9184,0.9455,0.9697,0.9564
16037,forged,8000,3,0.3,0.0,0.0,0.0,0.0,-0.0017
16061,forged,8000,424,0.83,0.8341,0.7155,0.9449,0.7466,0.8368
1608,forged,8000,8,0.41,0.657,0.4892,0.7127,0.6094,0.6582
16097,forged,8001,24,0.37,0.5911,0.4195,0.4302,0.9443,0.6365
16108,forged,8000,649,1.12,0.8893,0.8007,0.8053,0.993,0.8778
16112,forged,8000,385,0.42,0.7956,0.6606,0.6607,0.9999,0.7949
16130,forged,8000,504,0.96,0.8991,0.8167,0.9662,0.8407,0.8987
16161,forged,8000,85,0.57,0.9082,0.8318,0.9874,0.8407,0.9105
16184,forged,8000,307,0.92,0.8588,0.7526,0.7884,0.943,0.8462
16191,forged,8000,387,0.28,0.7979,0.6637,0.6637,1.0,0.7767
16205,forged,8000,217,0.57,0.7477,0.597,0.9957,0.5985,0.7637
16215,forged,8000,763,0.9,0.8283,0.7068,0.9801,0.7171,0.8293
16219,forged,8000,737,0.97,0.8966,0.8125,0.8188,0.9907,0.8894
16221,forged,8000,5,0.47,0.3754,0.231,0.2377,0.8921,0.4558
16227,forged,8000,29,0.64,0.5922,0.4206,0.4206,1.0,0.646
1625,forged,8000,5,0.67,0.3175,0.1887,0.1887,1.0,0.4308
16293,forged,8000,861,1.13,0.9091,0.8333,0.8396,0.9911,0.8948
16294,forged,8000,282,0.34,0.7709,0.6272,0.6277,0.9988,0.7552
16336,forged,8001,48,0.42,0.6862,0.5223,0.5812,0.8375,0.6661
16357,forged,6968,10,0.32,0.3907,0.2428,0.3185,0.5051,0.3982
16359,forged,8000,195,0.74,0.0,0.0,0.0,0.0,-0.0297
1638,forged,8001,10,0.45,0.4118,0.2593,0.2822,0.7614,0.4627
1641,forged,8000,9,0.58,0.5268,0.3576,0.3614,0.9716,0.5881
16410,forged,8000,9,0.36,0.1836,0.101,0.101,1.0,0.3094
16442,forged,8000,5,0.41,0.2447,0.1394,0.8317,0.1434,0.2714
16485,forged,7932,458,0.32,0.8809,0.7871,0.7909,0.994,0.8283
16526,forged,8001,11,0.59,0.0,0.0,0.0,0.0,-0.0061
16534,forged,3200,5,0.13,0.2796,0.1625,0.1625,1.0,0.3829
16538,forged,8000,9,0.34,0.1451,0.0782,0.0782,1.0,0.27
16550,forged,7952,11,0.3,0.2843,0.1657,0.1992,0.4962,0.3119
16566,forged,8000,7,0.55,0.0,0.0,0.0,0.0,-0.0152
16579,forged,8000,4,1.22,0.3091,0.1828,0.2384,0.4393,0.3211
16590,forged,8002,64,0.62,0.755,0.6064,0.6101,0.99,0.7704
1661,forged,8000,17,0.39,0.0,0.0,0.0,0.0,-0.0069
16612,forged,8000,263,0.46,0.8794,0.7848,0.7873,0.9959,0.8688
16614,forged,8000,17,0.29,0.5177,0.3493,0.4372,0.6347,0.5245
16630,forged,8000,407,0.4,0.8265,0.7043,0.7044,0.9998,0.8247
16647,forged,8000,633,0.96,0.0,0.0,0.0,0.0,-0.1114
16648,forged,8000,71,0.39,0.7816,0.6415,0.6415,1.0,0.7909
16649,forged,8000,9,0.32,0.223,0.1255,0.1255,0.9982,0.3432
16667,forged,8000,4,0.34,0.0895,0.0469,0.0497,0.4538,0.1371
16683,forged,8002,79,0.56,0.7911,0.6544,1.0,0.6544,0.8076
16703,forged,8000,32,0.45,0.5791,0.4076,0.4076,1.0,0.6245
16729,forged,8000,21,0.33,0.4008,0.2507,0.2507,1.0,0.4849
16751,forged,8000,4,0.31,0.0,0.0,0.0,0.0,-0.0012
16855,forged,8000,105,0.86,0.8902,0.8021,0.9195,0.8627,0.8841
1686,forged,6180,1162,0.25,0.8149,0.6877,0.6877,1.0,0.667
16866,forged,8000,519,0.51,0.9126,0.8392,0.8392,1.0,0.8912
16884,forged,8000,6,0.67,0.0,0.0,0.0,0.0,-0.0137
16897,forged,8000,28,0.6,0.0,0.0,0.0,0.0,-0.0003
16939,forged,8000,145,1.02,0.8407,0.7252,0.8424,0.8391,0.8267
16951,forged,8000,17,0.31,0.23,0.13,0.13,1.0,0.3404
16960,forged,8001,246,1.06,0.9222,0.8556,0.9189,0.9255,0.9152
16974,forged,8000,7,0.66,0.302,0.1779,0.1779,1.0,0.4194
17008,forged,8000,172,0.36,0.7088,0.549,0.5491,0.9996,0.7191
17030,forged,8000,149,0.64,0.914,0.8417,0.8758,0.9558,0.906
17052,forged,8000,56,0.67,0.722,0.565,0.8302,0.6388,0.7169
17071,forged,8000,9,0.38,0.3003,0.1767,0.1767,1.0,0.4128
17124,forged,8000,3,0.66,0.0,0.0,0.0,0.0,-0.0057
17128,forged,8000,691,1.1,0.8601,0.7546,0.7546,1.0,0.8584
17134,forged,8000,4,0.66,0.1181,0.0628,0.0663,0.5418,0.1847
17218,forged,8000,33,0.52,0.5996,0.4282,0.4594,0.8628,0.6126
17245,forged,8000,6,0.38,0.2287,0.1291,0.1291,1.0,0.3492
17249,forged,8000,35,0.78,0.0622,0.0321,0.0349,0.2896,0.094
17268,forged,8000,159,0.44,0.7145,0.5558,0.5565,0.9978,0.7196
17279,forged,8000,9,0.65,0.0041,0.0021,0.0053,0.0033,-0.0227
17280,forged,8000,10,0.71,0.0,0.0,0.0,0.0,-0.0398
17298,forged,8000,32,0.46,0.0,0.0,0.0,0.0,-0.0005
17324,forged,8000,236,1.2,0.8731,0.7749,0.7769,0.9967,0.8731
17334,forged,8000,18,0.4,0.4616,0.3001,0.3536,0.6649,0.4833
17388,forged,8000,344,0.38,0.7265,0.5705,0.5705,1.0,0.7152
17418,forged,8002,42,0.41,0.6899,0.5266,0.5266,1.0,0.7134
17493,forged,8000,12,0.53,0.2844,0.1658,0.9587,0.167,0.3662
17528,forged,8001,252,1.15,0.8898,0.8015,0.8087,0.9891,0.8876
17555,forged,8000,6,0.4,0.3815,0.2357,0.317,0.479,0.3886
17583,forged,4545,149,0.18,0.732,0.5772,0.5773,0.9998,0.7016
176,forged,8000,1028,0.29,0.8726,0.774,0.774,1.0,0.7602
17625,forged,8000,10,0.62,0.0,0.0,0.0,0.0,-0.0101
17648,forged,8000,49,0.42,0.7342,0.5801,0.6406,0.8598,0.7405
17651,forged,6736,66,0.31,0.7785,0.6373,0.6422,0.9882,0.7675
17660,forged,8000,16,0.59,0.0,0.0,0.0,0.0,-0.0096
17695,forged,8000,12,0.53,0.0,0.0,0.0,0.0,-0.0047
17754,forged,8000,80,0.63,0.4237,0.2688,0.9881,0.2697,0.5081
17756,forged,8001,427,1.19,0.9103,0.8353,0.8458,0.9854,0.9036
17815,forged,8001,6,0.4,0.4688,0.3062,0.4758,0.462,0.4679
17826,forged,8000,111,0.76,0.7389,0.586,0.5916,0.984,0.7544
1783,forged,8000,124,0.73,0.6821,0.5176,0.5176,1.0,0.7125
17846,forged,4872,110,0.26,0.9111,0.8367,0.8595,0.9693,0.8769
17878,forged,8001,59,0.49,0.835,0.7167,0.7261,0.9821,0.8435
17904,forged,8000,10,0.79,0.0,0.0,0.0,0.0,-0.0104
17923,forged,8000,30,0.51,0.6889,0.5255,0.5255,1.0,0.7154
17980,forged,8002,99,0.71,0.0182,0.0092,0.0151,0.0229,-0.0507
18000,forged,8000,117,0.61,0.8635,0.7597,0.7646,0.9917,0.8609
18017,forged,8000,802,1.26,0.9268,0.8636,0.8876,0.9696,0.9101
18037,forged,8000,251,0.53,0.0833,0.0435,0.0656,0.1141,-0.0091
1804,forged,8000,30,0.45,0.7159,0.5575,0.7652,0.6726,0.668
18054,forged,8000,10,0.78,0.5226,0.3537,0.358,0.9669,0.5865
1813,forged,8001,4,0.83,0.3196,0.1902,0.1902,1.0,0.4336
18153,forged,8001,36,0.54,0.709,0.5492,0.5522,0.99,0.7282
18316,forged,8000,8,0.37,0.7262,0.5701,0.8999,0.6087,0.7389
18362,forged,8000,202,1.1,0.9213,0.8542,0.9275,0.9153,0.9151
18425,forged,8000,28,0.64,0.6524,0.4841,0.6435,0.6615,0.6426
18440,forged,8000,245,1.2,0.9047,0.8259,0.8334,0.9892,0.902
18462,forged,8000,76,0.69,0.8882,0.7989,0.9839,0.8094,0.8916
18463,forged,8000,4,0.71,0.0014,0.0007,0.0007,0.0102,-0.0023
18472,forged,8000,13,0.4,0.0151,0.0076,0.0081,0.1143,0.0051
18554,forged,7576,8,0.36,0.09,0.0471,0.0494,0.5,0.1338
1856,forged,8000,287,0.37,0.9104,0.8356,0.8397,0.9941,0.8404
1859,forged,8000,51,0.45,0.5662,0.3949,0.4751,0.7005,0.5513
18617,forged,8000,207,1.36,0.893,0.8067,0.8689,0.9185,0.8828
18679,forged,8001,57,0.75,0.6257,0.4553,0.4553,1.0,0.6677
18696,forged,8000,38,0.97,0.8996,0.8175,0.8769,0.9234,0.8955
187,forged,8001,11,1.61,0.5849,0.4133,0.4184,0.9715,0.6359
1873,forged,8001,482,1.49,0.8845,0.793,0.7998,0.9893,0.8806
18760,forged,8000,72,0.46,0.4986,0.3321,0.3321,1.0,0.5566
18781,forged,7548,42,0.42,0.461,0.2996,0.3125,0.8791,0.4934
18788,forged,8000,4,0.69,0.3215,0.1916,0.193,0.9636,0.4268
1879,forged,8000,159,1.11,0.2805,0.1632,0.8298,0.1688,0.3636
18877,forged,2633,5,0.11,0.0,0.0,0.0,0.0,-0.0884
18929,forged,7262,11,0.28,0.002,0.001,0.0012,0.0062,-0.0304
18940,forged,8000,450,1.04,0.8997,0.8177,0.8233,0.9918,0.8939
18971,forged,8000,513,1.09,0.9308,0.8706,0.885,0.9817,0.923
18995,forged,8000,601,1.06,0.8934,0.8074,0.817,0.9856,0.8854
19054,forged,3602,43,0.11,0.8508,0.7404,0.8149,0.8901,0.7935
19074,forged,8000,204,1.01,0.8835,0.7914,0.966,0.814,0.8746
19116,forged,8000,4,0.67,0.0768,0.0399,0.0509,0.1564,0.0847
19121,forged,8000,40,0.31,0.3715,0.2281,0.2599,0.6509,0.4093
19130,forged,8000,32,0.26,0.3055,0.1803,0.1803,1.0,0.4136
19148,forged,8000,9,1.18,0.4747,0.3112,0.8397,0.3309,0.5201
19162,forged,8000,151,0.25,0.7919,0.6554,0.6556,0.9997,0.7798
19193,forged,8000,249,0.54,0.0,0.0,0.0,0.0,-0.0292
19253,forged,8000,48,0.5,0.7992,0.6656,0.9796,0.6749,0.8123
19281,forged,8001,24,0.6,0.7273,0.5715,0.5729,0.9956,0.7529
19294,forged,8000,6,0.27,0.0436,0.0223,0.0238,0.2615,0.0633
19331,forged,8000,3,0.33,0.0,0.0,0.0,0.0,-0.0019
19332,forged,8000,5,0.27,0.073,0.0379,0.0396,0.4735,0.1247
19361,forged,8001,117,0.53,0.7422,0.5901,0.6402,0.883,0.7457
1940,forged,8000,68,0.27,0.6225,0.4519,0.4519,1.0,0.6395
19467,forged,8000,758,0.87,0.5794,0.4079,0.9141,0.4241,0.5962
19512,forged,6316,34,0.24,0.6513,0.4829,0.4829,1.0,0.6646
19554,forged,8000,21,0.35,0.5311,0.3616,0.4559,0.6361,0.5365
19563,forged,8000,96,0.37,0.8877,0.7981,0.8233,0.9631,0.8699
19593,forged,8000,160,0.53,0.8816,0.7882,0.7909,0.9957,0.8804
19620,forged,8000,22,0.32,0.5133,0.3453,0.3464,0.9904,0.5849
19621,forged,8000,3,0.29,0.0,0.0,0.0,0.0,-0.0026
19622,forged,8000,28,0.36,0.6742,0.5085,0.5705,0.824,0.6683
19627,forged,8000,20,0.28,0.3707,0.2275,0.2275,1.0,0.4544
19633,forged,8000,617,0.97,0.0,0.0,0.0,0.0,-0.0976
19668,forged,8001,16,0.29,0.2749,0.1593,0.1593,1.0,0.3809
19684,forged,8004,158,0.76,0.1908,0.1055,0.9775,0.1057,0.3014
19709,forged,8000,39,0.6,0.5464,0.3759,0.3766,0.9947,0.6069
19718,forged,7959,114,0.28,0.6796,0.5147,0.5147,1.0,0.7018
19728,forged,3713,18,0.13,0.2807,0.1632,0.1632,1.0,0.3706
19734,forged,8001,469,0.79,0.7901,0.6531,0.9816,0.6612,0.7974
19775,forged,8001,11,0.27,0.1896,0.1047,0.1126,0.5994,0.2515
19777,forged,8000,82,0.52,0.0,0.0,0.0,0.0,-0.0067
19844,forged,8000,342,1.0,0.8583,0.7518,0.7536,0.9969,0.8584
19847,forged,8001,38,0.53,0.6356,0.4659,1.0,0.4659,0.6813
19895,forged,8001,5,0.27,0.0,0.0,0.0,0.0,-0.017
19915,forged,8001,666,0.84,0.7873,0.6493,0.9716,0.6618,0.7911
19933,forged,8001,353,0.34,0.7967,0.662,0.6634,0.9969,0.7995
19935,forged,8001,67,0.55,0.4219,0.2673,0.2711,0.9502,0.5028
19953,forged,8001,702,0.94,0.9142,0.8419,0.8461,0.9941,0.9028
19964,forged,8000,603,0.92,0.8613,0.7564,0.8636,0.859,0.8392
19981,forged,8001,124,0.39,0.8775,0.7818,0.8084,0.9597,0.8671
19986,forged,8000,145,0.44,0.7912,0.6545,0.6545,1.0,0.8018
19993,forged,8000,3,0.33,0.3454,0.2088,0.3804,0.3163,0.3454
20007,forged,8000,32,0.26,0.4855,0.3206,0.3206,1.0,0.5591
20009,forged,8000,469,0.78,0.8929,0.8065,0.9849,0.8166,0.8939
20010,forged,8001,6,0.53,0.0,0.0,0.0,0.0,-0.005
20096,forged,8000,10,0.57,0.0,0.0,0.0,0.0,-0.0415
20097,forged,8000,232,0.45,0.9047,0.826,0.8281,0.9969,0.8968
20103,forged,8000,6,0.26,0.1422,0.0766,0.0794,0.6834,0.2169
20144,forged,8000,10,0.26,0.1184,0.0629,0.0629,1.0,0.2374
20151,forged,8000,43,0.58,0.5092,0.3415,0.4226,0.6404,0.5108
20193,forged,8000,15,0.28,0.3879,0.2406,0.2406,1.0,0.4761
20194,forged,8001,10,0.57,0.0,0.0,0.0,0.0,-0.0162
20270,forged,8000,35,0.36,0.3832,0.237,0.2811,0.6016,0.3861
20282,forged,8000,10,0.34,0.0,0.0,0.0,0.0,-0.0183
2032,forged,8000,912,0.89,0.9121,0.8385,0.9761,0.8561,0.9099
20342,forged,8001,1113,0.88,0.8692,0.7687,0.965,0.7907,0.8656
20343,forged,1429,7,0.05,0.3108,0.184,0.184,1.0,0.3534
20379,forged,8000,5,0.26,0.0824,0.043,0.0443,0.5862,0.1487
20391,forged,8001,63,0.58,0.6153,0.4443,0.4443,1.0,0.6623
20401,forged,8000,468,0.96,0.0,0.0,0.0,0.0,-0.129
20409,forged,8001,6,0.28,0.1439,0.0776,0.0776,1.0,0.2734
20437,forged,8001,28,0.3,0.0,0.0,0.0,0.0,-0.0061
20490,forged,8000,53,0.55,0.628,0.4577,0.4585,0.9964,0.6686
20498,forged,8000,7,0.25,0.1524,0.0825,0.0825,1.0,0.2752
2050,forged,8000,15,0.25,0.1635,0.089,0.089,1.0,0.2901
20507,forged,8000,161,0.35,0.8296,0.7088,0.7161,0.9857,0.8222
20518,forged,2351,30,0.08,0.2427,0.1381,0.1381,1.0,0.2952
2053,forged,8000,3,0.99,0.0,0.0,0.0,0.0,-0.0024
20541,forged,8000,4,0.28,0.0,0.0,0.0,0.0,-0.0027
20569,forged,8000,35,0.51,0.8111,0.6822,0.9909,0.6865,0.824
20577,forged,7926,6,0.26,0.0,0.0,0.0,0.0,-0.0047
20578,forged,8000,28,0.31,0.0,0.0,0.0,0.0,-0.0028
20587,forged,8001,456,1.18,0.8784,0.7832,0.7845,0.9978,0.8742
20619,forged,6687,269,0.2,0.7074,0.5473,0.5473,1.0,0.7049
2064,forged,8000,53,0.39,0.7915,0.6549,0.6564,0.9965,0.8014
20645,forged,8000,10,0.87,0.4593,0.2981,0.3543,0.6529,0.4746
20662,forged,8001,40,0.76,0.6501,0.4816,0.9843,0.4853,0.6885
20666,forged,8011,30,0.73,0.0,0.0,0.0,0.0,-0.0226
20736,forged,8001,7,0.39,0.1731,0.0947,0.0947,1.0,0.2986
20749,forged,5615,10,0.31,0.2477,0.1414,0.1414,1.0,0.3557
20751,forged,8001,5,0.42,0.0,0.0,0.0,0.0,-0.0191
20752,forged,8000,20,0.43,0.1082,0.0572,0.0572,1.0,0.2245
20753,forged,3835,268,0.25,0.9148,0.8429,0.8446,0.9976,0.8652
20755,authentic,8000,0,0.42,0.0,0.0,0.0,0.0,0.0
20764,forged,8000,8,0.58,0.0,0.0,0.0,0.0,-0.0151
20768,forged,8000,1084,0.35,0.8896,0.8011,0.8011,1.0,0.835
20795,forged,8000,114,1.54,0.8192,0.6938,0.8312,0.8076,0.8072
20800,forged,8000,93,1.11,0.0,0.0,0.0,0.0,-0.0389
20816,forged,3031,23,0.16,0.5349,0.3651,0.3651,1.0,0.5682
20819,forged,8000,98,0.63,0.8213,0.6968,0.6984,0.9967,0.8197
20828,forged,8000,1065,0.93,0.9543,0.9127,0.981,0.9291,0.9304
2083,forged,8000,108,1.75,0.7257,0.5695,0.875,0.62,0.7049
20833,forged,8000,538,0.56,0.8675,0.7659,0.7886,0.9638,0.8602
20850,forged,8001,39,0.72,0.4541,0.2938,0.2938,1.0,0.5387
2087,forged,8000,3,0.63,0.0,0.0,0.0,0.0,-0.0076
20882,forged,8000,228,0.36,0.6232,0.4526,0.4526,1.0,0.6451
209,forged,8001,266,0.68,0.935,0.8779,0.8977,0.9756,0.9298
20920,forged,8001,39,0.38,0.5687,0.3973,0.4989,0.6612,0.5717
20985,forged,8000,756,0.57,0.8507,0.7402,0.7418,0.9972,0.8475
210,forged,8000,297,1.11,0.9252,0.8608,0.8799,0.9753,0.9197
21004,forged,8001,14,0.37,0.5081,0.3406,0.4887,0.5291,0.507
21014,forged,8000,7,0.38,0.1117,0.0591,0.0591,1.0,0.2332
21034,forged,8000,194,0.75,0.8897,0.8013,0.9373,0.8467,0.8756
21095,forged,6342,62,0.26,0.76,0.6129,0.6302,0.9571,0.7476
21134,forged,8000,15,0.41,0.4228,0.2681,0.3102,0.6638,0.4527
21156,forged,8000,249,0.34,0.5968,0.4253,0.4253,1.0,0.6174
21202,forged,8000,8,0.99,0.0,0.0,0.0,0.0,-0.0084
21204,forged,8000,5,1.14,0.0,0.0,0.0,0.0,-0.0029
2121,forged,8001,4,0.72,0.0018,0.0009,0.001,0.0094,-0.0003
21213,forged,8002,11,0.59,0.0,0.0,0.0,0.0,-0.0049
21239,forged,8000,85,0.36,0.6257,0.4553,0.4553,1.0,0.6624
21253,forged,8001,305,1.02,0.0009,0.0005,0.0009,0.0009,-0.1119
21264,forged,8001,236,1.06,0.8915,0.8042,0.8222,0.9735,0.8843
21266,forged,8002,533,1.07,0.8901,0.8019,0.8102,0.9875,0.8825
21331,forged,5150,41,0.28,0.6799,0.515,0.515,1.0,0.7048
21375,forged,8001,10,0.34,0.1471,0.0794,0.0794,1.0,0.2732
21525,forged,8004,46,0.65,0.5108,0.343,0.343,1.0,0.5802
21540,forged,8001,23,0.33,0.3041,0.1793,0.1793,1.0,0.4176
21562,forged,8001,13,0.34,0.6034,0.432,0.5719,0.6385,0.5552
21603,forged,8000,45,0.45,0.7649,0.6193,0.6241,0.9876,0.7766
21631,forged,8000,4,0.56,0.0,0.0,0.0,0.0,-0.0083
21633,forged,8000,247,0.33,0.7253,0.569,0.569,1.0,0.7273
2164,forged,8000,58,0.56,0.4617,0.3001,0.3001,1.0,0.5419
21640,forged,8002,6,0.27,0.1498,0.081,0.081,1.0,0.2779
21652,forged,8000,45,0.39,0.7603,0.6133,0.6162,0.9923,0.7679
21671,forged,8001,41,0.52,0.5415,0.3712,0.3746,0.9766,0.5996
21706,forged,8000,569,0.88,0.9157,0.8444,0.8671,0.97,0.9021
21728,forged,8000,165,0.29,0.0053,0.0027,0.0038,0.0088,-0.1788
21734,forged,8000,20,0.53,0.6004,0.429,0.429,1.0,0.6508
21740,forged,8000,135,0.46,0.8831,0.7906,0.9314,0.8395,0.8656
21747,forged,8001,181,0.5,0.9191,0.8504,0.866,0.9792,0.9128
21765,forged,8000,52,0.35,0.5525,0.3817,0.4676,0.675,0.5596
2177,forged,4392,27,0.57,0.6111,0.44,0.657,0.5712,0.6055
21770,forged,6804,68,0.21,0.7084,0.5485,0.5485,0.9999,0.6624
21773,forged,8000,819,1.01,0.8821,0.789,0.79,0.9985,0.8703
21798,forged,8000,9,0.29,0.6533,0.4851,0.6137,0.6983,0.6534
21809,forged,8000,41,0.54,0.7945,0.6591,0.9606,0.6774,0.8056
21851,forged,8000,57,0.36,0.7545,0.6057,0.6062,0.9986,0.7677
21892,forged,8000,213,1.01,0.8902,0.8022,0.8523,0.9317,0.8769
21933,forged,8001,58,0.67,0.6144,0.4434,0.8305,0.4875,0.6332
21946,forged,8000,369,0.31,0.8153,0.6881,0.6885,0.9992,0.8056
21968,forged,8000,10,0.32,0.2581,0.1482,0.1484,0.9883,0.3698
22046,forged,7643,9,0.31,0.2201,0.1236,0.1514,0.4027,0.2107
22052,forged,8001,417,1.13,0.9272,0.8643,0.8806,0.979,0.9202
22066,forged,8000,623,1.32,0.9097,0.8343,0.8426,0.9884,0.9028
22078,forged,8000,18,0.47,0.4671,0.3047,0.3047,1.0,0.5513
22141,forged,8000,3,0.54,0.0,0.0,0.0,0.0,-0.001
22155,forged,8001,116,1.32,0.8418,0.7268,0.7376,0.9803,0.8446
22158,forged,8000,4,0.39,0.0,0.0,0.0,0.0,-0.0064
22164,forged,8001,46,0.48,0.7462,0.5952,0.5952,1.0,0.7634
22173,forged,8000,65,0.43,0.7212,0.5639,0.5639,1.0,0.7385
22175,forged,8000,6,2.11,0.5032,0.3362,0.6979,0.3934,0.5219
22182,forged,8000,19,0.57,0.0,0.0,0.0,0.0,-0.025
22216,forged,8000,3,0.68,0.065,0.0336,0.0355,0.3874,0.1147
22224,forged,8000,46,0.41,0.8892,0.8005,0.8372,0.948,0.8899
22226,forged,8000,6,0.34,0.0805,0.0419,0.0419,1.0,0.1989
22274,forged,8000,22,0.39,0.7395,0.5867,0.597,0.9714,0.7608
2228,forged,3149,27,0.14,0.4359,0.2787,0.2787,1.0,0.4849
22293,forged,8000,6,0.66,0.0,0.0,0.0,0.0,-0.0206
22298,forged,8000,631,1.01,0.0,0.0,0.0,0.0,-0.0557
2230,forged,8000,234,0.43,0.7688,0.6245,0.6245,1.0,0.7738
22323,forged,8001,65,0.31,0.6928,0.53,0.7378,0.653,0.6332
22337,forged,8000,9,0.36,0.1128,0.0598,0.062,0.6291,0.1708
22346,forged,8000,43,0.39,0.0,0.0,0.0,0.0,-0.0054
22372,forged,8000,23,0.41,0.6736,0.5079,0.5174,0.9652,0.6935
22416,forged,8000,68,0.55,0.8662,0.7639,0.8187,0.9195,0.8526
22430,forged,8000,3,0.56,0.0,0.0,0.0,0.0,-0.0064
22456,forged,8000,5,1.01,0.0,0.0,0.0,0.0,-0.0073
2249,forged,8000,172,0.52,0.8903,0.8023,0.8106,0.9874,0.8821
22507,forged,8000,7,0.34,0.1378,0.074,0.0765,0.6915,0.2156
22524,forged,8000,185,0.52,0.0,0.0,0.0,0.0,-0.1424
22556,forged,8000,4,0.38,0.4832,0.3186,0.5816,0.4133,0.4889
22565,forged,8001,62,0.67,0.8101,0.6807,0.9918,0.6846,0.8228
22638,forged,8000,28,0.41,0.5693,0.3979,0.703,0.4783,0.4877
22666,forged,8000,14,0.61,0.0,0.0,0.0,0.0,-0.0053
22719,forged,8000,24,0.65,0.4027,0.2521,0.3453,0.483,0.3941
22732,forged,8001,236,0.36,0.0,0.0,0.0,0.0,-0.1588
22739,forged,8001,29,0.39,0.5079,0.3404,0.4249,0.6313,0.5158
2275,forged,8000,11,0.55,0.3048,0.1798,0.1798,1.0,0.4214
22751,forged,8000,744,1.04,0.9249,0.8602,0.9621,0.8904,0.9231
2276,forged,8000,10,0.54,0.5942,0.4226,0.705,0.5134,0.5831
22787,forged,8000,543,1.44,0.9115,0.8374,0.8537,0.9777,0.9035
22797,forged,3730,7,0.17,0.0192,0.0097,0.0105,0.1162,-0.032
22821,forged,8000,247,0.61,0.9298,0.8689,0.8884,0.9754,0.9159
22834,forged,8001,6,0.4,0.0,0.0,0.0,0.0,-0.0173
22842,forged,8001,4,0.65,0.0,0.0,0.0,0.0,-0.015
22864,forged,8000,309,1.12,0.9019,0.8213,0.8261,0.993,0.8962
2290,forged,8000,38,0.57,0.8328,0.7135,0.7757,0.899,0.8264
22901,forged,8001,42,0.4,0.596,0.4245,0.4246,0.9994,0.6296
22918,forged,8000,678,1.28,0.921,0.8536,0.8689,0.9797,0.9016
2293,forged,8000,23,1.49,0.0,0.0,0.0,0.0,-0.0061
22933,forged,7993,7,0.36,0.1451,0.0782,0.0944,0.3138,0.1307
22951,forged,8000,11,0.43,0.405,0.2539,0.2871,0.6873,0.4432
22959,forged,8000,9,0.72,0.5014,0.3346,0.3346,1.0,0.5749
230,forged,8000,879,1.23,0.7643,0.6186,0.9838,0.6249,0.7728
23006,forged,8000,737,1.37,0.0,0.0,0.0,0.0,-0.1545
23038,forged,8002,3,2.48,0.0,0.0,0.0,0.0,-0.0024
2305,forged,8001,815,1.3,0.899,0.8165,0.8169,0.9995,0.8914
2307,forged,8000,170,0.38,0.8807,0.7868,0.935,0.8323,0.8766
23105,forged,8000,412,0.42,0.792,0.6557,0.6557,1.0,0.7761
23115,forged,8002,665,1.32,0.9194,0.8507,0.8751,0.9684,0.91
23128,forged,8000,158,0.76,0.937,0.8814,0.9398,0.9342,0.9324
23143,forged,8000,907,0.91,0.8857,0.7949,0.9725,0.8131,0.8841
23146,forged,8000,623,1.22,0.8945,0.8092,0.8106,0.9978,0.8899
23157,forged,8000,26,0.77,0.6184,0.4476,0.4626,0.9326,0.653
23175,forged,8001,982,1.2,0.9017,0.8209,0.8211,0.9998,0.8909
23223,forged,6259,17,0.24,0.6579,0.4902,0.7218,0.6044,0.5525
23236,forged,8000,3,0.35,0.0,0.0,0.0,0.0,-0.0076
23247,authentic,8000,0,0.36,0.0,0.0,0.0,0.0,0.0
23251,forged,8001,72,0.76,0.7884,0.6507,0.6675,0.9627,0.7921
2326,forged,8000,6,0.93,0.0,0.0,0.0,0.0,-0.0058
2329,forged,8000,15,0.44,0.5689,0.3976,0.398,0.9974,0.6293
23357,forged,8000,452,1.15,0.8548,0.7464,0.7464,1.0,0.8556
23391,forged,8001,138,0.4,0.7307,0.5757,0.5757,1.0,0.7139
23398,forged,8001,31,0.45,0.5916,0.42,0.569,0.616,0.5899
23428,forged,8000,6,0.41,0.1316,0.0705,0.0705,1.0,0.2574
23432,forged,6970,17,0.3,0.7241,0.5676,0.6021,0.9081,0.728
23460,forged,8000,93,1.34,0.7241,0.5675,0.9371,0.59,0.7285
23463,forged,8000,845,1.22,0.9342,0.8766,0.9666,0.904,0.9326
23499,forged,8001,512,1.33,0.8587,0.7524,0.7526,0.9997,0.858
23502,forged,8000,5,0.85,0.3102,0.1836,0.2003,0.6872,0.3675
23510,forged,8000,733,1.42,0.8814,0.7879,0.7879,1.0,0.877
23527,forged,8000,574,1.44,0.9073,0.8304,0.8379,0.9893,0.899
2357,forged,8000,172,0.72,0.8487,0.7371,0.7384,0.9976,0.8508
23606,forged,8000,8,0.85,0.8659,0.7635,0.78,0.973,0.8699
23636,forged,8000,816,1.28,0.8871,0.7971,0.9663,0.8198,0.885
23665,forged,8001,14,0.86,0.0,0.0,0.0,0.0,-0.0199
23726,forged,8000,33,0.87,0.5087,0.3411,0.3709,0.8093,0.5417
23772,forged,8000,15,0.61,0.5833,0.4118,0.7955,0.4605,0.585
23818,forged,8000,377,1.43,0.8692,0.7686,0.7686,1.0,0.8692
23860,forged,8001,8,0.41,0.2834,0.1651,0.1655,0.9867,0.3914
23868,forged,8000,225,1.26,0.7579,0.6101,0.6156,0.9857,0.7759
23904,forged,8000,583,1.37,0.9235,0.8578,0.8632,0.9929,0.9116
23930,forged,8001,48,0.88,0.0,0.0,0.0,0.0,-0.0291
23976,forged,8000,8,0.72,0.0,0.0,0.0,0.0,-0.0044
24012,forged,8000,11,0.81,0.1687,0.0921,0.7516,0.095,0.2281
24027,forged,8000,54,0.86,0.6496,0.4811,0.9981,0.4815,0.6917
24029,forged,8000,14,0.44,0.3705,0.2274,0.2579,0.6579,0.4106
24032,forged,8000,23,0.44,0.0,0.0,0.0,0.0,-0.0021
2404,forged,8000,276,0.38,0.7407,0.5882,0.5882,1.0,0.7305
24043,forged,8000,323,0.7,0.9044,0.8255,0.9053,0.9035,0.8897
24097,forged,8000,12,0.32,0.3892,0.2416,0.2416,1.0,0.4819
24111,forged,8000,28,0.35,0.3036,0.1789,0.1789,1.0,0.4101
24135,forged,8000,17,0.48,0.0,0.0,0.0,0.0,-0.0022
24147,forged,8000,575,0.43,0.7883,0.6506,0.6506,1.0,0.7661
24193,forged,8000,5,0.49,0.0,0.0,0.0,0.0,-0.0014
24201,forged,8000,7,0.47,0.6816,0.517,0.5876,0.8114,0.6898
24218,forged,8000,35,0.74,0.0,0.0,0.0,0.0,-0.0126
24249,forged,8000,16,0.44,0.6711,0.505,0.6078,0.7491,0.673
24268,forged,8002,9,0.39,0.3032,0.1787,0.1798,0.9672,0.4066
2430,forged,8000,19,0.34,0.8634,0.7596,0.7972,0.9416,0.8553
24300,forged,4907,359,0.62,0.0,0.0,0.0,0.0,-0.012
24332,forged,5553,36,0.26,0.7119,0.5527,0.5881,0.9016,0.6724
24336,forged,8000,131,0.4,0.7749,0.6325,0.6605,0.9372,0.7213
24348,forged,8000,12,0.42,0.1809,0.0995,0.1049,0.657,0.2314
24351,forged,8000,10,0.44,0.105,0.0554,0.0554,1.0,0.2242
2436,forged,8001,22,1.03,0.5417,0.3715,0.401,0.8348,0.5722
24381,forged,8001,7,0.48,0.3699,0.2269,0.2269,1.0,0.4655
24386,forged,5173,9,0.29,0.3698,0.2268,0.2575,0.6559,0.3805
24402,forged,8000,790,1.29,0.9112,0.8369,0.8416,0.9933,0.9033
24473,forged,8001,28,0.65,0.751,0.6013,0.6148,0.9647,0.7643
24482,forged,8000,404,1.23,0.9352,0.8783,0.8971,0.9766,0.929
2450,forged,8005,402,0.97,0.4421,0.2838,0.7988,0.3056,0.4818
24505,forged,8000,14,0.74,0.0,0.0,0.0,0.0,-0.0025
24554,forged,8000,6,0.37,0.0136,0.0068,0.0078,0.053,-0.0001
24555,forged,8000,8,0.61,0.0,0.0,0.0,0.0,-0.0348
24578,forged,8000,175,0.54,0.8011,0.6682,0.6701,0.9958,0.8065
24600,forged,8001,117,0.37,0.8282,0.7068,0.7158,0.9824,0.8129
24606,forged,8000,7,0.6,0.6775,0.5123,0.5193,0.9742,0.7083
24615,forged,8000,6,0.38,0.0113,0.0057,0.0059,0.1351,0.0114
24635,forged,7742,9,0.42,0.2323,0.1314,0.1314,1.0,0.3498
24654,forged,8001,91,0.43,0.8035,0.6715,0.6716,0.9998,0.8093
24676,forged,8002,394,1.35,0.9099,0.8347,0.8716,0.9517,0.8991
24682,forged,8000,31,0.4,0.8227,0.6988,0.7048,0.988,0.8338
24686,forged,8001,6,0.33,0.0,0.0,0.0,0.0,-0.0102
24696,forged,8000,696,1.09,0.9061,0.8283,0.8301,0.9974,0.8922
24736,forged,8000,9,0.36,0.1796,0.0987,0.1034,0.6806,0.2519
24749,forged,8000,8,0.59,0.0,0.0,0.0,0.0,-0.0166
24755,forged,8001,89,0.41,0.7553,0.6069,0.6959,0.8259,0.7179
2476,forged,8000,7,0.34,0.0,0.0,0.0,0.0,-0.023
24770,forged,8000,878,1.17,0.9012,0.8202,0.824,0.9944,0.888
24795,forged,8002,16,0.36,0.2637,0.1519,0.1625,0.6986,0.3059
24850,forged,8000,65,0.67,0.3187,0.1896,0.9885,0.19,0.4198
24867,forged,8000,3,0.43,0.0,0.0,0.0,0.0,-0.001
24894,forged,8000,4,0.44,0.5064,0.3391,0.4899,0.5241,0.5059
24912,forged,8001,182,0.96,0.3253,0.1942,0.975,0.1952,0.4206
24934,forged,8000,14,0.33,0.0,0.0,0.0,0.0,-0.0391
24937,forged,8000,110,0.65,0.7973,0.663,0.9941,0.6656,0.8117
24958,forged,8000,67,0.34,0.0,0.0,0.0,0.0,-0.0144
24960,forged,8001,204,1.11,0.0,0.0,0.0,0.0,-0.0756
24980,forged,8001,94,0.46,0.7681,0.6235,0.6319,0.9791,0.7745
25001,forged,8000,746,1.11,0.802,0.6695,0.9675,0.6849,0.8049
25003,forged,8000,6,0.39,0.0,0.0,0.0,0.0,-0.02
25022,forged,8000,7,0.56,0.2335,0.1322,0.1322,1.0,0.3607
2506,forged,8000,533,1.24,0.8656,0.763,0.763,1.0,0.8646
25064,forged,8000,1746,0.48,0.9073,0.8304,0.8438,0.9812,0.8163
25067,forged,8002,23,0.44,0.6162,0.4453,0.4478,0.9875,0.6642
25124,forged,4132,16,0.21,0.3462,0.2093,0.2093,1.0,0.4338
25142,forged,8000,11,0.39,0.0,0.0,0.0,0.0,-0.0127
25245,forged,8000,70,0.6,0.8563,0.7487,0.7548,0.9892,0.8561
25285,forged,8000,3,0.54,0.0,0.0,0.0,0.0,-0.0008
25311,forged,8000,24,0.53,0.0,0.0,0.0,0.0,-0.0087
2534,forged,8002,5,0.68,0.0404,0.0206,0.021,0.5316,0.09
25340,forged,8000,40,1.11,0.5994,0.428,0.428,1.0,0.6498
25344,forged,8000,223,0.59,0.8638,0.7602,0.7626,0.9958,0.8472
25351,forged,8000,71,2.3,0.6362,0.4665,0.869,0.5017,0.6534
25356,forged,8000,44,0.88,0.861,0.756,0.7717,0.9737,0.8631
25388,forged,8000,89,0.86,0.8076,0.6773,0.7599,0.8618,0.7814
25390,forged,8000,925,1.47,0.8969,0.813,0.8179,0.9926,0.8864
25434,forged,8000,408,0.35,0.728,0.5723,0.5723,1.0,0.6849
25443,forged,8000,10,0.69,0.5678,0.3965,0.4584,0.746,0.5804
25450,forged,8000,97,0.93,0.0,0.0,0.0,0.0,-0.0004
25458,forged,8000,6,0.46,0.0347,0.0177,0.018,0.4653,0.0829
25472,forged,8000,8,0.43,0.1242,0.0662,0.0678,0.7362,0.2061
25486,forged,8000,892,1.54,0.9112,0.8369,0.8371,0.9996,0.9007
25502,forged,8000,5,0.8,0.0,0.0,0.0,0.0,-0.0092
25520,forged,8000,85,0.45,0.5411,0.3709,0.3709,1.0,0.5931
25525,forged,8001,5,0.67,0.0,0.0,0.0,0.0,-0.0087
25552,forged,8000,280,1.22,0.7025,0.5414,0.9844,0.5461,0.7255
25555,forged,8001,9,0.42,0.1545,0.0837,0.0837,1.0,0.2796
25570,forged,8000,562,1.29,0.8777,0.7821,0.7822,0.9998,0.8751
25604,forged,8000,112,0.76,0.7819,0.6418,0.6434,0.9962,0.7901
25638,forged,8000,12,0.37,0.6231,0.4525,0.4555,0.9855,0.6693
25654,forged,8000,13,0.44,0.5215,0.3527,0.4274,0.6686,0.533
25715,forged,8000,356,1.31,0.8599,0.7542,0.8363,0.8848,0.8468
25749,forged,8000,57,0.45,0.3989,0.2492,0.2846,0.6671,0.4107
25764,forged,8000,39,0.41,0.7486,0.5981,0.6021,0.9892,0.7598
2577,forged,8001,14,0.74,0.0,0.0,0.0,0.0,-0.0017
25861,forged,8000,11,0.65,0.0,0.0,0.0,0.0,-0.0068
25907,forged,8001,8,0.69,0.0,0.0,0.0,0.0,-0.0064
25908,forged,8000,77,0.88,0.8247,0.7017,0.7411,0.9296,0.8236
25957,forged,8002,27,0.8,0.0,0.0,0.0,0.0,-0.0073
25981,forged,8000,15,0.53,0.5035,0.3365,0.4322,0.6029,0.5093
26015,forged,8000,13,0.48,0.0,0.0,0.0,0.0,-0.0226
26020,forged,8000,8,0.46,0.0625,0.0323,0.1644,0.0386,0.0445
26021,forged,8000,214,0.46,0.8079,0.6777,0.6777,1.0,0.8035
26023,forged,8001,23,0.65,0.0,0.0,0.0,0.0,-0.0144
26035,forged,8000,11,0.49,0.375,0.2308,0.2629,0.6541,0.4136
26049,forged,8000,7,0.45,0.7426,0.5906,0.7091,0.7794,0.7429
26119,forged,8000,18,0.44,0.0,0.0,0.0,0.0,-0.0038
26121,forged,8001,273,0.46,0.8619,0.7573,0.7578,0.9992,0.8415
26140,forged,8001,3,0.47,0.0,0.0,0.0,0.0,-0.0045
26148,forged,8001,572,1.46,0.0,0.0,0.0,0.0,-0.107
26200,forged,8000,8,0.87,0.0,0.0,0.0,0.0,-0.006
26206,forged,8000,270,0.39,0.7274,0.5716,0.5716,1.0,0.7232
26208,forged,3622,25,0.2,0.5852,0.4136,0.4136,1.0,0.609
26211,forged,8001,18,0.52,0.7234,0.5667,0.5695,0.9915,0.7509
2622,forged,8000,16,0.45,0.4956,0.3294,0.3762,0.7262,0.521
26252,forged,8000,858,1.47,0.8989,0.8164,0.8164,1.0,0.8908
26286,forged,8001,37,0.91,0.7899,0.6528,0.6605,0.9826,0.8027
26292,forged,8000,266,0.43,0.8141,0.6865,0.6865,1.0,0.7953
26313,forged,8000,112,0.45,0.6929,0.5301,0.5301,1.0,0.7089
26329,forged,8001,8,0.43,0.1144,0.0607,0.0607,0.9968,0.2367
26335,forged,8001,360,1.29,0.6423,0.4731,0.9247,0.492,0.6631
26370,forged,8000,24,0.54,0.5444,0.374,0.4571,0.6728,0.5376
26402,forged,8000,41,0.5,0.0,0.0,0.0,0.0,-0.0043
26430,forged,8000,760,1.33,0.798,0.6639,0.9811,0.6725,0.8029
26435,forged,8000,353,1.42,0.9016,0.8208,0.838,0.9756,0.8963
26436,forged,8000,16,0.48,0.5387,0.3687,0.3718,0.9777,0.6023
26442,forged,8000,75,0.7,0.8342,0.7156,0.7156,1.0,0.8404
26461,forged,8001,15,0.67,0.0,0.0,0.0,0.0,-0.0133
26477,forged,8000,731,1.51,0.8751,0.778,0.7793,0.9979,0.8696
26492,forged,8000,61,0.97,0.6503,0.4819,0.7008,0.6067,0.6297
26499,forged,8000,117,0.74,0.874,0.7762,0.8157,0.9413,0.8514
26523,forged,8001,6,0.51,0.0,0.0,0.0,0.0,-0.0171
26560,forged,8001,117,0.77,0.876,0.7793,0.7812,0.9969,0.8747
2657,forged,8001,74,1.06,0.6012,0.4298,0.4353,0.9713,0.6416
26580,forged,8000,6,0.44,0.0,0.0,0.0,0.0,-0.0029
26581,forged,8001,383,0.82,0.9124,0.8388,0.846,0.99,0.8965
26583,forged,8000,7,0.6,0.3165,0.188,0.188,1.0,0.4291
26606,forged,8001,11,0.51,0.0,0.0,0.0,0.0,-0.0134
26644,forged,8000,401,0.59,0.8996,0.8175,0.8177,0.9997,0.8541
26730,forged,8000,6,0.47,0.0,0.0,0.0,0.0,-0.0256
26766,forged,8003,736,1.67,0.9178,0.8481,0.8483,0.9997,0.906
26868,forged,8001,7,0.42,0.0338,0.0172,0.0172,1.0,0.1261
26894,forged,7834,332,0.33,0.9221,0.8555,0.8709,0.9797,0.8862
26929,forged,6517,54,0.32,0.4357,0.2785,0.3301,0.6406,0.3747
26933,forged,8000,21,0.54,0.7066,0.5463,0.7171,0.6965,0.7054
26968,forged,8000,5,0.83,0.0,0.0,0.0,0.0,-0.0195
26977,forged,8000,327,1.57,0.913,0.84,0.8404,0.9995,0.9093
27023,forged,8000,646,1.42,0.8918,0.8048,0.8048,0.9999,0.8868
27034,forged,8000,562,0.79,0.9291,0.8676,0.9067,0.9527,0.9074
27061,forged,8000,964,0.86,0.8498,0.7389,0.8085,0.8956,0.8395
27091,forged,8000,74,0.5,0.6355,0.4658,0.4658,1.0,0.6518
27148,forged,8000,90,0.66,0.0,0.0,0.0,0.0,-0.1404
27152,forged,8000,207,0.36,0.6164,0.4455,0.4455,1.0,0.6419
27168,forged,8000,19,0.42,0.6939,0.5313,0.5394,0.9725,0.7233
27195,forged,8000,237,0.62,0.7137,0.5549,0.8609,0.6095,0.6538
27284,forged,8000,8,0.43,0.0,0.0,0.0,0.0,-0.0198
27300,forged,5977,31,0.28,0.6157,0.4447,0.5998,0.6325,0.5609
27312,forged,8000,7,0.66,0.4572,0.2963,0.3039,0.9221,0.5265
27376,forged,8000,102,0.68,0.8888,0.7999,0.8131,0.9801,0.8833
27409,forged,8002,4,0.66,0.1848,0.1018,0.1019,0.9897,0.3144
27419,forged,8000,14,0.42,0.4808,0.3165,0.3165,1.0,0.5576
27454,forged,8000,170,0.84,0.7706,0.6268,0.9876,0.6318,0.7867
27462,forged,8000,510,1.26,0.8736,0.7756,0.7758,0.9998,0.872
27490,forged,8001,350,0.8,0.9479,0.901,0.9319,0.9645,0.9347
27586,forged,8000,27,0.54,0.3981,0.2485,0.2843,0.6634,0.4131
27606,forged,8001,4,0.42,0.0,0.0,0.0,0.0,-0.0147
27620,forged,8000,12,0.47,0.0,0.0,0.0,0.0,-0.002
27639,forged,8001,26,0.73,0.8495,0.7384,0.7785,0.9347,0.8482
27666,forged,8000,78,0.64,0.831,0.7109,0.7116,0.9987,0.8358
27694,forged,8000,23,0.86,0.5114,0.3436,0.3571,0.9005,0.5629
27705,forged,8001,11,0.45,0.4312,0.2749,0.2749,1.0,0.5185
27722,forged,8000,549,0.46,0.8848,0.7934,0.7936,0.9997,0.8459
27807,forged,8000,26,0.46,0.4551,0.2946,0.3574,0.6264,0.4712
27822,forged,8000,19,0.72,0.5589,0.3878,0.4044,0.9043,0.5996
27829,forged,8000,123,0.35,0.5901,0.4185,0.4185,1.0,0.6182
27849,forged,6299,5,0.35,0.0,0.0,0.0,0.0,-0.043
27856,forged,8001,45,0.59,0.0,0.0,0.0,0.0,-0.0523
27862,forged,8000,271,1.01,0.8996,0.8175,0.8748,0.9258,0.8905
27889,forged,8002,35,0.38,0.0,0.0,0.0,0.0,-0.0036
27896,forged,8001,6,0.41,0.5297,0.3603,0.4108,0.7455,0.5523
27929,forged,4653,22,0.23,0.621,0.4503,0.4503,1.0,0.65
27957,forged,8000,8,1.07,0.7204,0.563,0.7053,0.7362,0.7184
28002,forged,7476,55,0.39,0.6756,0.5101,0.5101,1.0,0.6807
28011,forged,8000,27,0.37,0.4827,0.3182,0.3784,0.6665,0.4991
28014,forged,8000,433,1.24,0.8582,0.7517,0.752,0.9994,0.8564
28059,forged,8000,8,0.69,0.4233,0.2684,0.2686,0.9974,0.5147
28061,forged,8000,400,1.46,0.8692,0.7686,0.7695,0.9985,0.8655
28081,forged,8000,4,0.84,0.0,0.0,0.0,0.0,-0.0053
28179,forged,6151,22,0.38,0.4179,0.2641,0.2641,1.0,0.496
28195,forged,8001,12,0.86,0.1506,0.0814,0.0814,1.0,0.2828
28207,forged,8000,4,0.62,0.0,0.0,0.0,0.0,-0.0014
28209,forged,8000,4,0.89,0.0,0.0,0.0,0.0,-0.004
28213,forged,7279,9,0.41,0.5042,0.3371,0.3371,1.0,0.5678
28226,forged,8000,1331,1.36,0.9462,0.8979,0.9144,0.9802,0.9452
28245,forged,8000,232,0.45,0.8774,0.7816,0.7875,0.9906,0.8579
28248,forged,8000,6,0.42,0.0744,0.0386,0.0392,0.724,0.1568
28251,forged,8000,778,1.55,0.8976,0.8143,0.8161,0.9973,0.8855
28264,forged,8001,148,1.88,0.8537,0.7447,0.8662,0.8416,0.8398
28279,forged,8002,13,0.47,0.0,0.0,0.0,0.0,-0.0114
28283,forged,8000,88,0.77,0.7102,0.5507,0.8143,0.6298,0.6927
28307,forged,8001,7,0.49,0.1633,0.0889,0.0924,0.6998,0.2391
28310,forged,7002,154,0.35,0.6827,0.5183,0.5184,0.9997,0.6681
28355,forged,8000,13,0.43,0.2298,0.1298,0.1298,1.0,0.3437
28390,forged,8000,7,0.45,0.0,0.0,0.0,0.0,-0.0243
28412,forged,8000,172,1.55,0.8351,0.7168,0.8805,0.7941,0.8139
28438,forged,8001,924,0.42,0.8656,0.7631,0.7631,1.0,0.7893
28449,forged,8000,21,0.49,0.1876,0.1035,0.1035,1.0,0.307
28465,forged,8001,9,0.44,0.2211,0.1243,0.1243,1.0,0.3428
28469,forged,8000,13,0.72,0.0,0.0,0.0,0.0,-0.0077
28496,forged,8001,11,0.45,0.0575,0.0296,0.0301,0.6392,0.1311
28548,forged,8000,119,1.1,0.6236,0.453,0.4614,0.9614,0.6565
2855,forged,8000,223,0.49,0.7017,0.5405,0.5405,1.0,0.7017
28559,forged,8000,38,0.47,0.0,0.0,0.0,0.0,-0.0048
28571,forged,8001,17,0.47,0.2201,0.1237,0.1237,1.0,0.3354
28578,forged,8000,4,0.43,0.2902,0.1697,0.2893,0.2912,0.2891
286,forged,8000,10,0.52,0.5252,0.3562,0.5753,0.4832,0.5257
28602,forged,8000,65,0.86,0.6401,0.4707,0.9999,0.4707,0.6831
28614,forged,8001,498,1.6,0.8516,0.7415,0.7415,1.0,0.8493
28617,forged,8000,89,0.51,0.7301,0.5749,0.8739,0.6269,0.7
28645,forged,8001,176,0.43,0.625,0.4546,0.4546,1.0,0.6306
287,forged,8000,165,0.91,0.9322,0.873,0.8978,0.9694,0.9259
28714,forged,8000,94,0.85,0.7725,0.6294,0.9905,0.6332,0.7891
28800,forged,8000,16,0.52,0.2177,0.1222,0.1281,0.7243,0.2793
28818,forged,8000,69,0.46,0.6617,0.4944,0.4944,1.0,0.6893
28878,forged,8000,4,0.43,0.0627,0.0324,0.3605,0.0343,0.1045
28879,forged,8000,478,1.6,0.9033,0.8237,0.8536,0.9592,0.8926
28904,forged,8000,920,1.63,0.8981,0.8151,0.8155,0.9994,0.8934
28921,forged,8000,3,0.56,0.0,0.0,0.0,0.0,-0.0021
28922,forged,8000,28,1.0,0.3802,0.2347,0.2347,1.0,0.4815
28928,forged,8001,21,0.64,0.7714,0.6278,0.6431,0.9636,0.7865
28949,forged,8002,82,0.55,0.7005,0.5391,0.5392,0.9997,0.718
28953,forged,8000,5,0.5,0.0,0.0,0.0,0.0,-0.0027
2896,forged,8000,6,0.8,0.4807,0.3164,0.3171,0.9933,0.5588
28962,forged,8000,490,1.5,0.9264,0.8629,0.8745,0.9849,0.9179
28965,forged,8000,30,0.6,0.6531,0.4849,0.5022,0.9337,0.6704
28971,forged,8000,82,0.9,0.8867,0.7965,0.8015,0.9922,0.8866
28972,forged,8000,7,4.65,0.0,0.0,0.0,0.0,-0.0027
29010,forged,8000,28,0.99,0.5868,0.4152,0.5206,0.6723,0.5794
29025,forged,8000,1151,1.31,0.8195,0.6942,0.8286,0.8106,0.7617
29058,forged,8000,10,1.08,0.0,0.0,0.0,0.0,-0.0059
29076,forged,8000,375,0.78,0.824,0.7007,0.8625,0.7888,0.7948
29083,forged,8001,12,0.85,0.0,0.0,0.0,0.0,-0.0397
29087,forged,8001,18,0.87,0.6723,0.5064,0.5666,0.8267,0.6784
2910,forged,8000,47,0.76,0.6658,0.499,0.8661,0.5408,0.6668
29129,forged,8000,56,0.48,0.5526,0.3818,0.3818,1.0,0.5962
29146,forged,8000,9,0.68,0.0,0.0,0.0,0.0,-0.0079
29171,forged,8000,24,0.85,0.6991,0.5374,0.6242,0.7944,0.6979
29189,forged,8000,4,0.48,0.4465,0.2874,0.5791,0.3634,0.4571
29220,forged,8001,7,0.52,0.0172,0.0087,0.01,0.0621,0.0029
29229,forged,8000,1012,1.44,0.9271,0.8641,0.8677,0.9952,0.9111
29234,forged,8000,497,1.52,0.8878,0.7982,0.8192,0.9689,0.8791
29277,forged,8000,66,0.55,0.0,0.0,0.0,0.0,-0.0032
29281,forged,8000,26,0.87,0.7298,0.5746,0.8891,0.6189,0.7323
29380,forged,8001,3,0.74,0.0,0.0,0.0,0.0,-0.0005
29464,forged,8001,10,0.5,0.2737,0.1585,0.1585,1.0,0.3934
29465,forged,8000,6,0.64,0.0,0.0,0.0,0.0,-0.0732
29466,forged,8000,14,0.47,0.7475,0.5968,0.5981,0.9962,0.7557
29472,forged,8000,16,0.45,0.0,0.0,0.0,0.0,-0.0035
29475,forged,8000,7,0.87,0.0,0.0,0.0,0.0,-0.0102
29482,forged,8000,173,0.73,0.8115,0.6828,0.9809,0.692,0.8202
29503,forged,3989,172,0.18,0.7979,0.6637,0.6637,1.0,0.7501
29508,forged,8001,83,0.63,0.0,0.0,0.0,0.0,-0.0503
29524,forged,8000,53,0.43,0.3328,0.1996,0.2234,0.6526,0.3788
29535,forged,8000,35,0.44,0.7474,0.5966,0.6091,0.9668,0.7444
29593,forged,8000,67,0.79,0.7094,0.5497,0.5497,1.0,0.7372
29605,forged,6563,7,0.33,0.0,0.0,0.0,0.0,-0.0432
29607,forged,5764,16,0.28,0.5395,0.3694,0.3714,0.9856,0.5887
2961,forged,8000,524,1.29,0.8962,0.8119,0.8144,0.9963,0.8913
2966,forged,8001,6,0.4,0.0827,0.0431,0.0443,0.625,0.1589
29663,forged,8001,3,0.87,0.0,0.0,0.0,0.0,-0.0109
29668,forged,8000,870,0.47,0.9183,0.849,0.849,1.0,0.8882
29671,forged,5267,59,0.84,0.6346,0.4648,0.4659,0.9949,0.6761
29675,forged,8000,514,1.34,0.8867,0.7964,0.7965,0.9999,0.8817
29679,forged,8002,11,0.5,0.2238,0.126,0.126,1.0,0.3429
29689,forged,8000,20,0.48,0.0,0.0,0.0,0.0,-0.0044
29736,forged,8000,286,1.48,0.9318,0.8724,0.8893,0.9787,0.9271
29770,forged,8000,55,0.87,0.5612,0.3901,0.3901,1.0,0.6198
29793,forged,8001,122,0.9,0.8344,0.7158,0.9788,0.7271,0.8417
29797,forged,4760,243,0.22,0.6599,0.4925,0.4925,1.0,0.6336
298,forged,8000,88,0.32,0.7283,0.5727,0.5743,0.9951,0.7053
29876,forged,8000,6,0.87,0.0,0.0,0.0,0.0,-0.012
29894,forged,8000,20,1.11,0.6143,0.4433,0.6132,0.6154,0.6075
29899,forged,8000,415,1.36,0.9058,0.8278,0.8297,0.9972,0.9008
29912,forged,8000,232,1.32,0.8956,0.811,0.8572,0.9377,0.8829
29935,forged,6911,361,0.29,0.5366,0.3666,0.3666,1.0,0.5318
29988,forged,8001,84,0.64,0.8296,0.7088,0.7088,1.0,0.8346
30015,forged,8001,28,0.43,0.7676,0.6228,0.6252,0.9938,0.773
30023,forged,8001,6,0.6,0.0,0.0,0.0,0.0,-0.0009
30040,forged,8001,101,0.6,0.8502,0.7394,0.8901,0.8138,0.8197
30045,forged,8000,360,0.71,0.8022,0.6697,0.6697,1.0,0.7975
30050,forged,8000,117,0.48,0.778,0.6367,0.6367,1.0,0.7863
30060,forged,8001,698,1.25,0.9185,0.8493,0.854,0.9936,0.9134
30100,forged,8000,12,0.52,0.6513,0.4829,0.9054,0.5085,0.6578
30191,forged,8000,8,0.9,0.0,0.0,0.0,0.0,-0.006
30217,forged,8001,662,1.64,0.8866,0.7963,0.8048,0.9869,0.8765
30232,forged,8000,15,0.41,0.2475,0.1412,0.1412,1.0,0.3644
30235,forged,8001,11,0.45,0.4395,0.2816,0.3398,0.6219,0.4585
30283,forged,8000,33,0.68,0.7799,0.6392,0.842,0.7263,0.7686
30297,forged,8000,15,0.89,0.4491,0.2896,0.3594,0.5984,0.4558
30298,forged,8000,8,0.64,0.0431,0.022,0.0226,0.4699,0.0982
30307,forged,8001,213,0.6,0.8626,0.7584,0.7606,0.9963,0.8594
30308,forged,8000,8,0.59,0.0,0.0,0.0,0.0,-0.0038
30340,forged,8000,91,0.39,0.4525,0.2924,0.2924,1.0,0.5237
30344,forged,8000,33,0.79,0.7287,0.5732,0.5876,0.9589,0.7451
30354,forged,8001,58,0.76,0.7879,0.6501,0.9642,0.6662,0.8005
30389,forged,8000,8,0.39,0.0094,0.0047,0.0048,0.176,0.0081
30408,forged,8001,8,0.38,0.0,0.0,0.0,0.0,-0.0176
30419,forged,8000,6,0.51,0.0,0.0,0.0,0.0,-0.0027
30476,forged,8000,726,1.54,0.0,0.0,0.0,0.0,-0.1044
30494,forged,8000,12,0.48,0.0,0.0,0.0,0.0,-0.0057
30503,forged,8000,57,0.66,0.8427,0.7281,0.7281,1.0,0.849
30572,forged,8001,6,0.41,0.0,0.0,0.0,0.0,-0.0247
30587,forged,8000,6,0.48,0.0,0.0,0.0,0.0,-0.0012
30614,forged,8000,871,0.72,0.8399,0.7239,0.7239,1.0,0.828
3062,forged,8000,7,0.8,0.0,0.0,0.0,0.0,-0.0047
30624,forged,8000,6,0.77,0.0,0.0,0.0,0.0,-0.0028
30629,forged,8001,36,0.6,0.7757,0.6336,0.6366,0.9928,0.7854
30634,forged,8000,48,0.73,0.8148,0.6875,0.9825,0.6961,0.8261
30649,forged,8000,796,0.46,0.8537,0.7447,0.7449,0.9996,0.8474
30715,forged,8000,59,0.71,0.8896,0.8012,0.9668,0.8239,0.8918
30716,forged,8000,12,0.65,0.316,0.1877,0.2079,0.6587,0.3652
3073,forged,8000,41,0.73,0.7951,0.6598,0.6952,0.9285,0.795
30748,forged,8000,436,1.29,0.87,0.7699,0.7803,0.9828,0.8665
3087,forged,8000,348,0.61,0.8431,0.7288,0.7782,0.9198,0.8325
30871,forged,8000,7,0.73,0.5653,0.394,0.4201,0.8635,0.5982
30881,forged,8000,5,0.61,0.0,0.0,0.0,0.0,-0.0083
30883,forged,8000,3,0.9,0.0,0.0,0.0,0.0,-0.0038
30909,forged,8000,7,0.45,0.0036,0.0018,0.0019,0.0319,-0.0094
30914,forged,8000,19,0.44,0.2903,0.1698,0.186,0.661,0.3495
30917,forged,8000,5,0.77,0.0,0.0,0.0,0.0,-0.0181
30923,forged,8000,35,0.71,0.7991,0.6654,0.9999,0.6654,0.8151
30931,forged,8001,16,0.42,0.5524,0.3816,0.4111,0.8418,0.5872
30950,forged,8000,279,1.35,0.9192,0.8505,0.8538,0.9954,0.9138
30996,forged,8001,736,1.23,0.836,0.7182,0.9454,0.7492,0.8338
31040,forged,8000,248,0.59,0.8509,0.7405,0.7751,0.9431,0.8257
31077,forged,8000,16,0.48,0.4198,0.2656,0.2656,1.0,0.5093
31086,forged,8000,422,0.96,0.9201,0.852,0.8892,0.9531,0.9098
31089,forged,8000,139,1.26,0.691,0.5278,0.981,0.5333,0.6883
31098,forged,8000,5,0.44,0.0884,0.0462,0.0475,0.6357,0.1581
3110,forged,8000,133,0.5,0.7247,0.5682,0.5686,0.9989,0.7271
31156,forged,8000,22,0.43,0.0,0.0,0.0,0.0,-0.0042
31168,forged,8000,11,0.44,0.1106,0.0586,0.0602,0.6783,0.1888
31186,forged,8000,16,0.56,0.2715,0.1571,0.1571,1.0,0.389
31188,forged,8000,114,0.82,0.8239,0.7005,0.8482,0.8008,0.8133
31218,forged,7058,6,0.37,0.0248,0.0126,0.0131,0.258,0.0379
31222,forged,8001,34,0.49,0.515,0.3468,0.4247,0.6542,0.5028
31232,forged,8000,9,0.39,0.0846,0.0442,0.0463,0.492,0.1339
31245,forged,8002,74,18.37,0.0,0.0,0.0,0.0,-0.0169
3125,forged,8001,6,0.54,0.0602,0.031,0.031,1.0,0.1667
31262,forged,8001,29,0.65,0.1173,0.0623,0.1087,0.1272,0.1133
31301,forged,8000,24,0.63,0.6432,0.4741,0.4746,0.9978,0.6714
31313,forged,8000,22,2.52,0.5517,0.3809,0.9643,0.3864,0.6016
31329,forged,8000,28,0.83,0.0,0.0,0.0,0.0,-0.0293
31330,forged,8000,8,0.51,0.6753,0.5098,0.6172,0.7456,0.6775
31336,forged,8001,20,1.0,0.5726,0.4012,0.9703,0.4062,0.6262
31354,forged,8001,7,0.55,0.0369,0.0188,0.0191,0.5279,0.0863
31405,forged,8000,55,0.59,0.7503,0.6004,0.6004,1.0,0.7568
31425,forged,8001,1166,1.27,0.872,0.773,0.9579,0.8002,0.8682
31465,forged,8000,33,0.56,0.0,0.0,0.0,0.0,-0.0086
31468,forged,8000,202,1.54,0.8784,0.7832,0.7925,0.9852,0.8745
31476,forged,8000,359,0.78,0.741,0.5885,0.6036,0.9594,0.747
31540,forged,8000,221,1.29,0.9193,0.8507,0.8766,0.9664,0.9151
3159,forged,8000,681,1.5,0.8976,0.8143,0.8153,0.9985,0.8879
3167,forged,8001,1061,1.65,0.9169,0.8466,0.8669,0.9731,0.8937
31725,forged,8000,6,0.65,0.6639,0.4969,0.6244,0.7087,0.6568
31783,forged,8000,35,0.42,0.6472,0.4784,0.4784,1.0,0.6708
31803,forged,8001,48,0.47,0.6499,0.4813,0.6065,0.6999,0.6494
31812,forged,8000,11,0.66,0.484,0.3193,0.4193,0.5723,0.4887
31826,forged,8001,339,1.78,0.8253,0.7025,0.7025,1.0,0.8313
31834,forged,8001,45,0.62,0.6513,0.4829,0.4829,1.0,0.6804
31864,forged,8000,766,1.68,0.8913,0.8039,0.8061,0.9966,0.8866
31891,forged,8000,8,0.5,0.2291,0.1294,0.1843,0.3025,0.1732
31893,forged,8000,610,1.21,0.9349,0.8778,0.9372,0.9326,0.9336
31907,forged,8000,5,0.49,0.0207,0.0104,0.0106,0.4604,0.0586
31942,forged,8001,10,0.43,0.1231,0.0656,0.0677,0.677,0.2021
31956,forged,8000,134,0.52,0.6809,0.5161,0.5161,1.0,0.7025
3197,forged,8000,782,1.5,0.0,0.0,0.0,0.0,-0.04
31979,forged,8001,831,1.54,0.887,0.7969,0.7969,1.0,0.8769
32011,forged,8000,29,0.57,0.5909,0.4193,0.565,0.6193,0.5887
32013,forged,8000,23,0.89,0.4573,0.2964,0.2964,1.0,0.5404
32018,forged,8001,6,1.7,0.8307,0.7104,0.8145,0.8474,0.83
32023,forged,8000,171,1.63,0.8985,0.8157,0.8445,0.9598,0.89
32053,forged,8000,14,0.45,0.4558,0.2952,0.3512,0.6492,0.4764
32061,forged,8001,20,0.39,0.7171,0.559,0.9353,0.5815,0.7354
32139,forged,8002,50,0.5,0.5877,0.4162,0.4945,0.7244,0.5714
32146,forged,8000,12,0.61,0.3262,0.1949,0.2192,0.6375,0.3729
32154,forged,8000,8,0.53,0.0645,0.0333,0.0333,1.0,0.1747
32162,forged,8000,44,0.67,0.5498,0.3791,0.4693,0.6637,0.5274
32170,forged,8000,16,0.87,0.4326,0.276,0.3198,0.6684,0.4537
32196,forged,8000,5,1.0,0.0,0.0,0.0,0.0,-0.0244
32201,forged,8000,6,0.78,0.0,0.0,0.0,0.0,-0.0438
32220,forged,8000,11,0.92,0.0,0.0,0.0,0.0,-0.0149
32222,forged,8000,6,0.44,0.0903,0.0473,0.0473,1.0,0.2105
32259,forged,8000,13,0.72,0.7289,0.5735,0.587,0.9614,0.7446
3228,forged,8000,623,1.54,0.7525,0.6032,0.993,0.6058,0.7636
32293,forged,8000,915,1.29,0.8876,0.7979,0.8578,0.9195,0.8635
32317,forged,8000,10,0.52,0.0,0.0,0.0,0.0,-0.0046
32383,forged,8000,13,0.72,0.3163,0.1879,0.2059,0.6822,0.3663
32393,forged,8000,19,0.44,0.343,0.207,0.2289,0.684,0.3941
32398,forged,8001,707,1.62,0.0,0.0,0.0,0.0,-0.0365
32428,forged,8000,3,0.62,0.0,0.0,0.0,0.0,-0.0083
32470,forged,8000,257,2.17,0.9114,0.8372,0.8468,0.9865,0.9049
32486,forged,5632,8,1.0,0.0,0.0,0.0,0.0,-0.0031
32493,forged,8000,6,0.84,0.5042,0.3371,0.4848,0.5253,0.4956
32535,forged,8000,29,0.82,0.7141,0.5553,0.5554,0.9998,0.7378
32575,forged,6821,1035,0.55,0.8269,0.7049,0.7049,1.0,0.6767
3260,forged,8000,71,12.94,0.0,0.0,0.0,0.0,-0.0178
32662,forged,8000,285,0.82,0.8744,0.7768,0.814,0.9445,0.8676
32714,forged,8000,33,0.49,0.5074,0.34,0.4147,0.6535,0.5188
32722,forged,8000,196,1.11,0.7642,0.6184,0.6184,1.0,0.7797
32818,forged,8001,5,0.53,0.0207,0.0105,0.3949,0.0107,0.0511
32845,forged,8000,468,1.51,0.916,0.8449,0.847,0.9971,0.9099
32880,forged,8001,35,0.76,0.0,0.0,0.0,0.0,-0.0117
32883,forged,8000,555,1.32,0.9081,0.8317,0.8368,0.9928,0.9004
32884,forged,8001,21,0.55,0.6548,0.4868,0.4876,0.9966,0.6902
32920,forged,8000,15,0.79,0.0,0.0,0.0,0.0,-0.0382
32931,forged,8000,4,0.75,0.0,0.0,0.0,0.0,-0.0069
32934,forged,8000,7,0.4,0.0,0.0,0.0,0.0,-0.0022
32945,forged,8000,7,0.39,0.0405,0.0207,0.0213,0.3945,0.0768
32973,forged,8000,79,0.42,0.628,0.4577,0.7951,0.5189,0.5068
32979,forged,8000,104,0.68,0.7965,0.6618,0.6618,1.0,0.8075
32989,forged,8000,311,0.52,0.9203,0.8524,0.854,0.9979,0.9068
330,forged,8001,12,0.57,0.2596,0.1492,0.1492,1.0,0.377
33041,forged,8002,21,0.59,0.5807,0.4092,0.4095,0.9981,0.6279
33053,forged,8001,315,0.49,0.8188,0.6932,0.6932,1.0,0.7996
33057,forged,8000,65,0.69,0.8629,0.7589,0.9877,0.7661,0.8691
33064,forged,8000,64,0.45,0.6562,0.4883,0.4883,1.0,0.6892
33071,forged,7085,60,0.29,0.5108,0.343,0.343,1.0,0.5735
33119,forged,8000,26,0.68,0.805,0.6737,0.6816,0.9831,0.8113
33127,forged,8000,4,0.8,0.0,0.0,0.0,0.0,-0.0105
33160,forged,7608,40,0.39,0.5973,0.4258,0.4258,1.0,0.6243
3318,forged,8001,167,1.38,0.8906,0.8027,0.828,0.9633,0.8834
33199,forged,8000,182,1.35,0.8611,0.7561,0.828,0.897,0.85
33205,authentic,8000,0,0.47,0.0,0.0,0.0,0.0,0.0
33235,forged,7387,10,0.34,0.0,0.0,0.0,0.0,-0.0048
33256,forged,8000,936,1.31,0.8895,0.801,0.8015,0.9991,0.8823
33266,forged,8000,16,0.75,0.5459,0.3754,0.3754,1.0,0.6104
33273,forged,8000,290,1.35,0.8824,0.7896,0.7979,0.987,0.8793
33287,forged,8000,17,0.51,0.4838,0.319,0.3866,0.6462,0.4983
33295,forged,8000,17,0.62,0.0,0.0,0.0,0.0,-0.0771
33296,forged,8000,15,0.49,0.3976,0.2481,0.7787,0.2669,0.4264
33304,forged,8000,298,0.5,0.8457,0.7327,0.7635,0.9477,0.8204
33319,forged,8000,48,0.55,0.7315,0.5766,0.5812,0.9865,0.756
33340,forged,8000,18,0.49,0.6802,0.5154,0.5328,0.9403,0.7068
33343,forged,8001,297,1.62,0.8901,0.8019,0.8127,0.9838,0.8845
3339,forged,8000,26,0.76,0.0,0.0,0.0,0.0,-0.0081
33392,forged,8000,47,1.12,0.7236,0.5669,0.7815,0.6737,0.7193
33397,forged,8000,385,1.08,0.8885,0.7993,0.8003,0.9984,0.8788
33474,forged,8000,8,0.87,0.2544,0.1457,0.147,0.944,0.3685
33513,forged,8000,35,0.6,0.0,0.0,0.0,0.0,-0.0061
33580,forged,8000,604,0.51,0.8455,0.7323,0.7564,0.9584,0.7409
33588,forged,8000,313,1.34,0.0002,0.0001,0.0002,0.0002,-0.1094
33618,forged,8000,13,0.85,0.3112,0.1843,0.2597,0.3882,0.3108
3367,forged,8000,6,0.43,0.0,0.0,0.0,0.0,-0.002
33686,forged,8001,172,0.75,0.8932,0.807,0.816,0.9865,0.8849
33689,forged,8000,18,0.38,0.2723,0.1576,0.1576,1.0,0.3878
3371,forged,8000,6,1.34,0.4746,0.3111,0.4525,0.4989,0.472
33735,forged,5163,122,0.29,0.7503,0.6004,0.6004,1.0,0.7351
33772,forged,8000,488,1.33,0.9089,0.833,0.8356,0.9963,0.9032
33778,forged,8000,6,0.45,0.0,0.0,0.0,0.0,-0.0026
33791,forged,8000,4,0.84,0.0,0.0,0.0,0.0,-0.0034
33877,forged,8000,17,0.43,0.0,0.0,0.0,0.0,-0.0022
33878,forged,8000,398,1.26,0.8669,0.765,0.7682,0.9947,0.8634
33898,forged,8000,81,0.34,0.0,0.0,0.0,0.0,-0.0307
339,forged,8000,135,0.5,0.5854,0.4139,0.9121,0.4311,0.5391
33928,forged,8000,40,0.44,0.7843,0.6452,0.669,0.9478,0.7802
3394,forged,8000,117,0.77,0.7473,0.5966,0.968,0.6086,0.7638
33949,forged,6662,91,0.27,0.7833,0.6438,0.8137,0.7551,0.6548
33968,forged,8001,4,0.66,0.082,0.0428,0.743,0.0434,0.1776
33985,forged,8000,551,1.34,0.0,0.0,0.0,0.0,-0.1045
34005,forged,8000,18,0.37,0.0082,0.0041,0.0045,0.045,-0.0273
3402,forged,5712,289,0.29,0.8084,0.6785,0.6785,1.0,0.7558
34027,forged,7437,24,0.33,0.0,0.0,0.0,0.0,-0.0033
34035,forged,8000,595,1.3,0.9316,0.872,0.8894,0.9781,0.92
34036,forged,8000,214,0.63,0.8652,0.7624,0.7725,0.9832,0.8562
34103,forged,8000,33,0.58,0.8105,0.6814,0.6832,0.9962,0.8189
34132,forged,8000,12,0.52,0.3382,0.2035,0.2497,0.5238,0.3422
34171,forged,8001,331,1.34,0.0,0.0,0.0,0.0,-0.0708
34174,forged,8000,142,0.84,0.0,0.0,0.0,0.0,-0.0146
34211,forged,7519,51,0.31,0.6288,0.4586,0.4622,0.9831,0.6163
34237,forged,8000,464,0.46,0.8765,0.7802,0.7803,0.9997,0.8491
34255,forged,8000,68,0.35,0.7052,0.5446,0.5446,1.0,0.7177
34265,forged,8000,361,1.28,0.0,0.0,0.0,0.0,-0.0979
34295,forged,8000,121,0.47,0.8585,0.7521,0.7535,0.9976,0.8541
34306,forged,8000,89,0.41,0.7351,0.5812,0.5812,1.0,0.7329
34317,forged,8000,3,0.67,0.0,0.0,0.0,0.0,-0.0031
34319,forged,8001,11,0.43,0.5355,0.3657,0.375,0.936,0.5919
34367,forged,8001,112,0.51,0.0,0.0,0.0,0.0,-0.0509
34383,forged,8000,8,0.88,0.38,0.2346,0.3206,0.4663,0.3824
34415,forged,8000,682,1.31,0.9069,0.8297,0.8407,0.9845,0.8935
34526,forged,8000,188,0.52,0.816,0.6892,0.7634,0.8765,0.7918
34527,forged,8001,237,0.83,0.8108,0.6818,0.9049,0.7344,0.7855
34528,forged,8000,16,0.38,0.0,0.0,0.0,0.0,-0.0315
34572,forged,8000,16,0.85,0.666,0.4992,0.5422,0.8628,0.6806
34597,forged,8000,267,1.42,0.9152,0.8436,0.8661,0.9701,0.9086
346,forged,8000,59,0.79,0.5802,0.4087,0.4087,1.0,0.6345
34672,forged,8000,91,0.47,0.8615,0.7567,0.7583,0.9973,0.8516
34744,forged,8000,824,1.42,0.8825,0.7898,0.9477,0.8258,0.8796
34769,forged,8000,87,0.49,0.6512,0.4829,0.4829,1.0,0.6792
34824,forged,8001,18,0.44,0.5047,0.3375,0.4124,0.6502,0.5161
3483,forged,8000,17,0.37,0.4014,0.2511,0.2948,0.6287,0.4283
34842,forged,8004,46,0.71,0.2331,0.1319,0.1319,1.0,0.3565
34845,forged,8000,11,0.43,0.0,0.0,0.0,0.0,-0.0013
34869,forged,6209,13,0.27,0.635,0.4652,0.6266,0.6436,0.5988
34873,forged,8000,780,1.11,0.8824,0.7895,0.7899,0.9994,0.8813
34883,forged,3823,87,0.2,0.7087,0.5489,0.5489,1.0,0.7055
34908,forged,7480,8,0.37,0.1611,0.0876,0.0892,0.8338,0.2574
34914,forged,8000,23,0.73,0.7378,0.5845,0.7341,0.7415,0.7286
34992,forged,8000,24,0.63,0.6536,0.4854,0.4894,0.9834,0.6855
350,forged,8000,13,0.64,0.7777,0.6363,0.8187,0.7406,0.7717
35018,forged,8000,31,0.42,0.6257,0.4552,0.4563,0.9952,0.6731
35035,forged,5818,14,0.34,0.0509,0.0261,0.0422,0.064,-0.0368
35038,forged,8000,13,0.44,0.4688,0.3062,0.4543,0.4844,0.4674
35068,forged,8000,90,0.51,0.8523,0.7426,0.7443,0.997,0.8547
35069,forged,8001,80,0.4,0.6198,0.449,0.449,1.0,0.6514
35094,forged,8000,12,0.63,0.4811,0.3167,0.3879,0.6331,0.4927
35107,forged,8000,9,0.35,0.2732,0.1582,0.893,0.1613,0.3712
35112,forged,8000,6,0.35,0.0,0.0,0.0,0.0,-0.0335
35117,forged,6805,13,0.32,0.4261,0.2707,0.2707,1.0,0.5082
35127,forged,8000,42,0.44,0.7699,0.6259,0.6317,0.9855,0.7494
35143,forged,8000,15,0.79,0.2462,0.1404,0.1404,1.0,0.3707
35176,forged,8001,420,1.39,0.893,0.8066,0.8166,0.9851,0.887
35208,forged,8000,30,0.68,0.4451,0.2863,0.2917,0.9396,0.5181
35216,forged,8001,3,1.43,0.0,0.0,0.0,0.0,-0.0026
35222,forged,3361,23,0.2,0.4771,0.3133,0.5002,0.4561,0.3316
35234,forged,8001,22,0.78,0.4375,0.28,0.28,1.0,0.5247
35322,forged,8000,244,0.58,0.908,0.8315,0.8346,0.9955,0.8884
35347,forged,8000,20,0.44,0.4618,0.3003,0.3806,0.5871,0.4408
35374,forged,8000,699,1.24,0.8507,0.7401,0.9892,0.7462,0.8532
35378,forged,8000,4,0.65,0.4003,0.2502,0.3443,0.478,0.4025
35385,forged,8000,94,0.52,0.7863,0.6479,0.7399,0.8389,0.7736
35390,forged,8000,32,0.5,0.537,0.3671,0.4537,0.658,0.5441
35412,forged,8000,6,0.43,0.0829,0.0432,0.0432,1.0,0.1991
35467,forged,8000,3,0.4,0.0,0.0,0.0,0.0,-0.002
35471,forged,8000,10,0.42,0.5977,0.4262,0.4642,0.839,0.6235
35522,forged,8000,57,0.86,0.6168,0.4459,0.9961,0.4467,0.6642
35559,forged,8000,19,0.49,0.0,0.0,0.0,0.0,-0.0037
35570,forged,8001,78,0.33,0.7393,0.5864,0.5898,0.9901,0.7214
35578,forged,8000,45,0.44,0.7979,0.6638,0.6925,0.9411,0.786
35586,forged,8000,255,0.78,0.9083,0.8321,0.8397,0.9892,0.8958
35610,forged,8000,4,0.85,0.0,0.0,0.0,0.0,-0.0035
35616,forged,8000,30,0.64,0.4979,0.3315,0.3315,1.0,0.5727
35628,forged,8000,37,0.46,0.7801,0.6395,0.6931,0.8921,0.7853
35670,forged,8001,13,0.47,0.401,0.2508,0.2787,0.7145,0.4202
35715,authentic,8000,0,0.74,0.0,0.0,0.0,0.0,0.0
35717,forged,8000,142,0.71,0.8532,0.744,0.9693,0.7619,0.8578
35719,forged,8002,274,1.25,0.9005,0.819,0.825,0.9912,0.8951
35723,forged,8000,206,0.51,0.7376,0.5843,0.5843,1.0,0.7534
3574,forged,8000,8,0.39,0.3477,0.2104,0.2104,1.0,0.4445
35744,forged,8000,293,1.31,0.9044,0.8255,0.8335,0.9885,0.8992
35763,forged,8000,520,1.36,0.8758,0.779,0.782,0.9951,0.8741
35781,forged,8000,526,1.22,0.9132,0.8403,0.8448,0.9938,0.9068
35814,forged,8000,464,1.35,0.8977,0.8144,0.8149,0.9993,0.8932
35827,forged,8000,5,0.75,0.0,0.0,0.0,0.0,-0.0226
35829,forged,8000,43,0.43,0.7446,0.5932,0.5932,1.0,0.7574
35849,forged,8001,391,0.39,0.7877,0.6498,0.6498,1.0,0.7673
35850,forged,7071,37,0.3,0.2195,0.1233,0.1233,1.0,0.3156
35861,forged,8000,10,0.67,0.0,0.0,0.0,0.0,-0.0091
35871,forged,8000,17,0.41,0.4151,0.2619,0.2619,1.0,0.5055
35885,forged,8000,5,0.44,0.1578,0.0857,0.0882,0.7446,0.2434
35933,forged,8000,817,1.13,0.8363,0.7187,0.9534,0.7449,0.8352
35950,forged,8000,376,1.23,0.9203,0.8523,0.8589,0.991,0.9154
3598,forged,8000,167,0.72,0.0,0.0,0.0,0.0,-0.0917
360,forged,8000,5,0.42,0.0,0.0,0.0,0.0,-0.0219
36010,forged,8001,7,0.36,0.0,0.0,0.0,0.0,-0.0134
36035,forged,8000,7,0.4,0.0,0.0,0.0,0.0,-0.0186
3606,forged,8000,586,1.33,0.8913,0.804,0.815,0.9834,0.8846
36106,forged,8000,78,0.39,0.8527,0.7433,0.7905,0.9257,0.832
36175,forged,8000,19,0.45,0.5145,0.3464,0.4909,0.5405,0.5133
36181,forged,8002,11,0.35,0.0,0.0,0.0,0.0,-0.0345
36190,forged,8001,4,0.61,0.0,0.0,0.0,0.0,-0.0068
36223,forged,7624,1196,0.37,0.8788,0.7837,0.7837,1.0,0.8126
36245,forged,8000,563,1.29,0.872,0.7731,0.7732,0.9998,0.869
36292,forged,8000,86,0.42,0.663,0.4959,0.4962,0.999,0.6789
36295,forged,8000,409,1.22,0.8975,0.8141,0.8192,0.9923,0.8951
3632,forged,8000,33,0.42,0.6016,0.4302,0.5593,0.6509,0.6009
36323,forged,8000,55,0.42,0.5395,0.3694,0.4565,0.6593,0.5452
36343,forged,8001,31,0.72,0.0,0.0,0.0,0.0,-0.0123
36371,forged,8000,270,1.24,0.9047,0.8259,0.9015,0.9078,0.8957
36390,forged,8000,53,0.81,0.666,0.4992,0.4992,1.0,0.7028
36412,forged,8000,45,0.72,0.7161,0.5577,0.5577,1.0,0.7426
36413,forged,8001,122,0.46,0.6629,0.4958,0.4958,1.0,0.6865
36423,forged,8000,4,0.74,0.0,0.0,0.0,0.0,-0.0166
36434,forged,8000,9,0.4,0.7831,0.6435,0.7152,0.8652,0.7859
36453,forged,8000,14,0.37,0.0288,0.0146,0.0157,0.1687,0.0115
36460,forged,8000,765,1.34,0.9026,0.8225,0.8244,0.9971,0.8937
36511,forged,8000,30,0.69,0.8633,0.7595,0.9709,0.7772,0.8682
36553,forged,8000,287,1.2,0.9042,0.8252,0.8348,0.9862,0.8998
36580,forged,8000,19,0.6,0.6731,0.5073,0.7508,0.6101,0.6607
36597,forged,8001,84,0.78,0.694,0.5314,0.5314,1.0,0.7249
3662,forged,8000,4,0.38,0.0,0.0,0.0,0.0,-0.016
36640,forged,8001,89,0.64,0.9174,0.8474,0.8745,0.9647,0.914
36648,forged,8000,372,1.08,0.8867,0.7965,0.7971,0.9991,0.8859
36705,forged,8000,71,0.42,0.6392,0.4697,0.6023,0.681,0.6079
36707,forged,8000,89,0.65,0.7061,0.5457,0.9669,0.5561,0.7312
3671,forged,8000,804,1.14,0.9376,0.8825,0.8998,0.9787,0.9223
36715,forged,8000,7,0.36,0.0,0.0,0.0,0.0,-0.0139
3672,forged,8000,6,0.39,0.0,0.0,0.0,0.0,-0.0025
36724,forged,8000,281,1.3,0.8334,0.7144,0.7161,0.9967,0.8359
36746,forged,8000,180,0.47,0.7456,0.5943,0.7205,0.7725,0.7166
3678,forged,8000,437,0.63,0.9077,0.8311,0.8418,0.9849,0.8882
36794,forged,8000,29,0.71,0.5636,0.3923,0.3993,0.9575,0.6132
36840,forged,8000,42,0.41,0.4239,0.2689,0.3062,0.6881,0.436
36945,forged,8000,8,0.58,0.2457,0.14,0.14,1.0,0.3711
36949,forged,8001,55,0.43,0.2584,0.1484,0.1965,0.3772,0.237
36968,forged,8000,722,0.93,0.8907,0.803,0.9747,0.8201,0.8898
36986,forged,8000,8,0.33,0.4803,0.316,0.4479,0.5176,0.4799
3704,forged,8003,875,1.19,0.9163,0.8455,0.846,0.9993,0.9068
37050,forged,8001,45,0.71,0.6345,0.4647,0.4651,0.9981,0.6779
37076,forged,8000,8,0.34,0.1272,0.0679,0.0679,1.0,0.2532
37084,forged,8001,639,1.29,0.8919,0.8049,0.8052,0.9995,0.8848
37135,forged,8000,52,0.74,0.6644,0.4974,0.4979,0.9983,0.6985
3714,forged,8000,1226,1.1,0.9253,0.861,0.865,0.9947,0.911
37143,forged,8000,38,0.4,0.7821,0.6422,0.6434,0.9972,0.7774
37149,forged,8000,6,0.36,0.0,0.0,0.0,0.0,-0.0017
37164,forged,8001,22,0.43,0.4955,0.3294,0.4784,0.5139,0.4934
3719,forged,8001,11,0.35,0.1849,0.1018,0.1068,0.6858,0.2467
37195,forged,8000,88,0.66,0.7684,0.6239,0.728,0.8135,0.7385
37253,forged,8001,38,0.43,0.2068,0.1153,0.2274,0.1896,0.202
37280,forged,8000,70,0.74,0.6478,0.479,0.4791,0.9995,0.6854
37321,forged,8000,35,0.38,0.8736,0.7755,0.8458,0.9032,0.8726
37348,forged,8000,27,1.1,0.6849,0.5208,0.5249,0.9853,0.716
37361,forged,8000,3,0.64,0.0,0.0,0.0,0.0,-0.0081
37364,forged,8000,56,0.63,0.7564,0.6083,0.9687,0.6204,0.7738
37400,forged,8001,65,0.8,0.5341,0.3644,0.3644,1.0,0.5982
37401,forged,8001,26,0.45,0.5331,0.3635,0.4387,0.6795,0.544
37421,forged,8001,17,0.76,0.0,0.0,0.0,0.0,-0.002
37423,forged,8001,259,1.22,0.872,0.7731,0.8628,0.8814,0.8589
37424,forged,8000,711,1.1,0.9108,0.8362,0.8389,0.9962,0.9004
37448,forged,8000,603,1.31,0.8693,0.7689,0.769,0.9998,0.8652
37451,forged,8000,24,0.44,0.0,0.0,0.0,0.0,-0.0036
37476,forged,8000,5,0.4,0.0174,0.0088,0.0169,0.0178,0.0143
37495,forged,8001,129,0.63,0.9106,0.8359,0.887,0.9355,0.9019
37504,forged,8001,26,0.34,0.306,0.1806,0.1806,1.0,0.4086
3751,forged,8001,16,0.31,0.2557,0.1466,0.1466,1.0,0.3705
37528,forged,7709,10,0.33,0.2133,0.1194,0.1197,0.9804,0.3268
37553,forged,8000,34,0.36,0.6665,0.4998,0.7256,0.6162,0.6668
37556,forged,8000,10,0.32,0.3748,0.2307,0.2307,1.0,0.4745
37583,forged,8000,541,1.24,0.8679,0.7667,0.7752,0.9859,0.8609
37586,forged,8001,5,2.14,0.0,0.0,0.0,0.0,-0.002
37605,forged,8000,7,0.46,0.1728,0.0945,0.0945,1.0,0.2948
37639,forged,8000,1309,1.16,0.9236,0.858,0.8928,0.9565,0.9218
377,forged,8000,649,1.12,0.8937,0.8078,0.8124,0.9931,0.8927
37708,forged,8000,22,0.68,0.5575,0.3865,0.4036,0.901,0.596
37735,forged,8001,605,1.14,0.9393,0.8856,0.9282,0.9508,0.938
37768,forged,8001,77,0.76,0.8475,0.7354,0.7374,0.9962,0.8526
37783,forged,8000,9,0.39,0.0679,0.0351,0.0423,0.172,0.0576
37802,forged,8000,5,0.34,0.5807,0.4091,0.5103,0.6735,0.5846
37816,forged,8000,164,0.38,0.3981,0.2485,0.2549,0.9088,0.4564
37817,forged,8000,12,0.44,0.0,0.0,0.0,0.0,-0.0144
37827,forged,8000,84,1.18,0.7072,0.547,0.547,1.0,0.7378
37830,forged,8001,7,0.35,0.0568,0.0292,0.0302,0.484,0.1091
3785,forged,8000,42,0.33,0.3804,0.2349,0.2349,1.0,0.4552
37855,forged,8001,11,0.55,0.0,0.0,0.0,0.0,-0.0456
37856,forged,5254,56,0.23,0.4829,0.3183,0.3183,1.0,0.5395
37857,forged,8000,78,0.35,0.8175,0.6914,0.7193,0.947,0.784
37880,forged,4804,13,0.21,0.3848,0.2382,0.272,0.6575,0.3904
37894,forged,8001,4,0.37,0.256,0.1468,0.5,0.172,0.2916
37902,forged,8000,29,0.39,0.5472,0.3767,0.4776,0.6406,0.5297
37903,forged,8001,9,0.32,0.0722,0.0374,0.0414,0.2812,0.0684
37909,forged,8000,31,0.67,0.6079,0.4367,0.4372,0.997,0.6558
37912,forged,7947,38,0.38,0.6012,0.4297,0.4297,1.0,0.6377
37921,forged,8000,9,0.73,0.3752,0.231,0.2311,0.9978,0.4777
37934,forged,8001,19,0.39,0.0,0.0,0.0,0.0,-0.0332
37942,forged,8001,360,1.26,0.911,0.8366,0.8833,0.9406,0.8992
3795,forged,6356,17,0.28,0.5733,0.4019,0.4752,0.7225,0.5448
37966,forged,8000,58,0.4,0.7763,0.6344,0.6344,1.0,0.7878
37975,forged,8000,35,0.38,0.6651,0.4982,0.4986,0.9985,0.6886
37980,forged,7876,951,0.32,0.7685,0.624,0.624,1.0,0.6758
38034,forged,8000,5,0.66,0.0,0.0,0.0,0.0,-0.0084
38038,forged,8000,172,0.43,0.759,0.6116,0.6116,1.0,0.7377
38055,forged,8000,170,0.74,0.7318,0.577,0.577,1.0,0.7529
3811,forged,8000,506,1.38,0.8941,0.8085,0.8092,0.999,0.8881
38129,forged,8000,53,0.88,0.341,0.2055,0.2055,1.0,0.4487
38136,forged,8000,80,0.71,0.8752,0.7782,0.9841,0.7881,0.8797
38160,forged,8000,471,0.77,0.8345,0.716,0.9344,0.7539,0.8078
38205,forged,8000,14,0.39,0.0527,0.027,0.0292,0.2649,0.0484
38228,forged,8000,110,0.78,0.0,0.0,0.0,0.0,-0.0078
3824,forged,8000,9,0.62,0.1006,0.053,0.4171,0.0572,0.1214
38256,forged,8000,327,0.85,0.0,0.0,0.0,0.0,-0.014
3826,forged,8000,601,0.65,0.8629,0.7588,0.7591,0.9995,0.8533
38283,forged,8000,657,1.15,0.8985,0.8157,0.9543,0.8489,0.8961
38285,forged,8000,238,1.24,0.8601,0.7545,0.8367,0.8848,0.8396
38292,forged,8000,7,0.34,0.1695,0.0926,0.0926,1.0,0.2939
38294,forged,8002,171,2.04,0.8162,0.6895,0.9746,0.7021,0.8169
38339,forged,8000,11,0.39,0.1556,0.0844,0.0844,1.0,0.2826
38396,forged,8000,794,1.39,0.9119,0.8381,0.8436,0.9923,0.9002
384,forged,8000,53,0.49,0.6364,0.4667,0.6033,0.6734,0.6348
38409,forged,8000,9,0.9,0.157,0.0852,0.0852,1.0,0.29
38440,forged,7776,7,0.36,0.0248,0.0126,0.0133,0.1811,0.0203
38456,forged,8000,34,0.47,0.5617,0.3905,0.5124,0.6215,0.5617
38471,forged,8001,24,0.38,0.0,0.0,0.0,0.0,-0.0256
38481,forged,8000,7,0.34,0.3368,0.2025,0.2181,0.7394,0.3533
38484,forged,8000,123,0.74,0.7375,0.5842,0.9705,0.5947,0.756
38486,forged,8003,16,0.49,0.4208,0.2665,0.3112,0.6497,0.4486
38495,forged,8000,64,0.57,0.7846,0.6456,0.9866,0.6513,0.7718
38500,forged,8000,21,0.39,0.0,0.0,0.0,0.0,-0.0213
38521,forged,8001,59,0.87,0.0,0.0,0.0,0.0,-0.0214
38534,forged,8000,502,1.3,0.0,0.0,0.0,0.0,-0.0917
38548,forged,8000,6,0.38,0.0,0.0,0.0,0.0,-0.0015
38567,forged,8001,419,1.3,0.8754,0.7785,0.7785,1.0,0.8729
38582,forged,8000,7,0.38,0.228,0.1286,0.1286,1.0,0.3475
38613,forged,8000,11,0.4,0.07,0.0363,0.0364,0.9029,0.1741
38625,forged,8000,19,0.38,0.0,0.0,0.0,0.0,-0.0163
38633,forged,8000,20,0.45,0.5033,0.3363,0.4015,0.6741,0.5189
38660,forged,8001,103,0.72,0.3401,0.2049,0.2067,0.9582,0.4349
38667,forged,8000,33,0.45,0.6967,0.5346,0.5346,1.0,0.7234
38679,forged,8000,187,1.2,0.8826,0.7899,0.8343,0.9368,0.8728
38698,forged,8000,15,0.44,0.5417,0.3715,0.4914,0.6035,0.5424
38699,forged,8000,6,0.37,0.0899,0.0471,0.048,0.7172,0.1743
38780,forged,8000,4,0.37,0.0,0.0,0.0,0.0,-0.0017
3880,forged,8000,509,1.25,0.9266,0.8632,0.8759,0.9835,0.9162
38800,forged,8000,43,0.42,0.5511,0.3804,0.4801,0.6468,0.5546
38842,forged,8000,58,0.44,0.7925,0.6563,0.6581,0.9959,0.7976
38913,forged,8001,366,1.27,0.8794,0.7848,0.7891,0.9932,0.8754
38945,forged,8000,10,0.4,0.1829,0.1007,0.1007,1.0,0.3077
3895,forged,8002,11,0.64,0.0,0.0,0.0,0.0,-0.0118
38953,forged,8000,4,0.63,0.5315,0.3619,0.3812,0.8775,0.5747
38979,forged,8000,370,1.29,0.8852,0.7941,0.7947,0.999,0.882
38996,forged,8000,13,0.8,0.0,0.0,0.0,0.0,-0.0056
39007,forged,8001,22,0.5,0.4665,0.3042,0.3626,0.6539,0.4858
39015,forged,8000,7,0.42,0.0,0.0,0.0,0.0,-0.0172
39078,forged,8000,74,0.51,0.5657,0.3944,0.3944,0.9998,0.6122
39097,forged,8000,65,0.38,0.6678,0.5012,0.5081,0.9739,0.6263
39099,forged,8000,5,0.34,0.0977,0.0513,0.0513,1.0,0.2178
39113,forged,8000,522,1.34,0.9237,0.8581,0.8647,0.9913,0.9166
39156,forged,8000,458,0.71,0.9151,0.8435,0.91,0.9203,0.904
39162,forged,8000,91,0.76,0.8378,0.7208,0.7215,0.9987,0.842
39245,forged,8000,640,1.27,0.8887,0.7997,0.7997,0.9999,0.8837
39299,forged,6819,47,0.32,0.6935,0.5308,0.5429,0.9597,0.6921
3933,authentic,8000,0,0.39,0.0,0.0,0.0,0.0,0.0
39338,forged,8000,21,0.41,0.6178,0.447,0.4629,0.9286,0.6544
3934,forged,8000,10,0.4,0.1645,0.0896,0.0938,0.6644,0.2303
39341,forged,3931,66,0.16,0.8467,0.7341,0.8172,0.8784,0.7781
39366,forged,8000,93,0.75,0.8519,0.742,0.7449,0.9948,0.8538
39385,forged,8000,26,0.43,0.6139,0.4429,0.461,0.9186,0.6499
39388,forged,8000,368,0.4,0.8329,0.7136,0.7136,1.0,0.8096
39397,forged,8001,84,0.65,0.8313,0.7113,0.7119,0.9988,0.839
39486,authentic,8000,0,0.36,0.0,0.0,0.0,0.0,0.0
39549,forged,8001,5,0.54,0.4536,0.2933,0.2933,1.0,0.539
39573,forged,8002,33,0.42,0.6485,0.4799,0.4799,1.0,0.6813
39579,forged,8001,413,1.06,0.0,0.0,0.0,0.0,-0.0869
3958,forged,8000,36,0.36,0.5551,0.3842,0.3842,1.0,0.6062
39620,forged,8000,352,1.14,0.8843,0.7926,0.8299,0.9463,0.8701
39625,forged,8000,8,0.37,0.0842,0.0439,0.0439,1.0,0.2005
39637,forged,8001,861,1.07,0.8541,0.7454,0.9629,0.7674,0.8538
39638,forged,8000,6,0.4,0.0,0.0,0.0,0.0,-0.0139
39702,forged,6928,37,0.36,0.0,0.0,0.0,0.0,-0.0582
39719,forged,8000,882,0.37,0.8846,0.7932,0.7932,1.0,0.8014
39728,forged,8000,4,0.35,0.0,0.0,0.0,0.0,-0.0019
39737,forged,8000,452,1.03,0.9046,0.8258,0.8358,0.9857,0.9
39740,forged,6552,9,0.24,0.2252,0.1269,0.1398,0.579,0.2216
39795,forged,8000,344,1.1,0.8729,0.7744,0.8488,0.8984,0.8602
39831,forged,8000,705,0.96,0.8359,0.7181,0.9746,0.7317,0.8385
39875,forged,1881,8,0.08,0.0137,0.0069,0.0092,0.0272,-0.0761
39903,forged,8001,7,0.33,0.0,0.0,0.0,0.0,-0.0234
3991,forged,8000,6,0.56,0.0,0.0,0.0,0.0,-0.0083
39917,forged,8001,870,1.09,0.0,0.0,0.0,0.0,-0.039
39921,forged,8000,3,0.4,0.0,0.0,0.0,0.0,-0.0021
39944,forged,8000,120,0.6,0.8389,0.7225,0.9119,0.7767,0.8195
40000,forged,8000,10,0.32,0.2302,0.1301,0.1301,1.0,0.3478
40009,forged,8000,8,0.38,0.7165,0.5582,0.6638,0.7783,0.718
40017,forged,8000,56,0.56,0.8995,0.8173,0.8317,0.9793,0.8979
40022,forged,8000,239,1.09,0.9104,0.8355,0.8491,0.9811,0.9059
40033,forged,8000,522,0.94,0.6375,0.4679,0.9643,0.4761,0.6668
40072,forged,8000,74,0.43,0.7959,0.661,0.6656,0.9896,0.8103
4011,forged,8000,13,0.45,0.0,0.0,0.0,0.0,-0.0024
40191,forged,8000,7,0.43,0.0266,0.0135,0.0141,0.2347,0.0389
40215,forged,8002,18,0.46,0.481,0.3167,0.394,0.6173,0.4921
4022,forged,8001,6,0.34,0.0,0.0,0.0,0.0,-0.0186
40250,forged,8000,10,0.37,0.543,0.3727,0.5076,0.5838,0.5429
40276,forged,8000,247,0.42,0.801,0.668,0.668,1.0,0.7911
40279,forged,8000,13,0.43,0.2524,0.1444,0.1553,0.6743,0.3227
4028,forged,8000,7,0.34,0.0758,0.0394,0.0402,0.6424,0.1483
40298,forged,8000,4,0.64,0.0,0.0,0.0,0.0,-0.0056
403,forged,8000,394,1.11,0.9014,0.8205,0.8225,0.9971,0.8952
40303,forged,8000,44,0.63,0.4627,0.301,0.301,1.0,0.5444
40315,forged,8000,9,0.57,0.4569,0.2961,0.3399,0.6964,0.4823
40325,forged,6455,140,0.27,0.724,0.5674,0.5674,1.0,0.7375
40349,forged,8000,10,0.33,0.0562,0.0289,0.0293,0.69,0.131
40351,forged,8000,109,0.38,0.8058,0.6748,0.6749,0.9997,0.8013
40354,forged,5355,83,0.22,0.8533,0.7442,0.7663,0.9626,0.8305
40364,forged,8000,1113,0.95,0.9388,0.8846,0.9334,0.9442,0.9366
40372,forged,8000,120,0.6,0.8419,0.727,0.9948,0.7298,0.8501
40373,forged,8000,252,0.42,0.9056,0.8275,0.83,0.9963,0.8797
40398,forged,8000,3,0.97,0.0,0.0,0.0,0.0,-0.004
40411,forged,8000,198,0.36,0.0,0.0,0.0,0.0,-0.0434
4042,forged,8000,448,0.45,0.8907,0.8029,0.8029,1.0,0.8759
40442,forged,8000,9,0.37,0.1439,0.0775,0.0785,0.8596,0.2456
4045,forged,8000,5,0.37,0.0,0.0,0.0,0.0,-0.0149
40450,forged,8001,14,0.6,0.0,0.0,0.0,0.0,-0.0218
40478,forged,8000,24,0.33,0.019,0.0096,0.0101,0.1657,0.0095
40491,forged,8000,25,0.34,0.5935,0.422,0.422,1.0,0.6418
40494,forged,8000,12,0.33,0.3113,0.1844,0.1844,1.0,0.418
40519,forged,8000,7,0.31,0.0486,0.0249,0.0257,0.4319,0.0903
40532,forged,8002,872,1.15,0.9118,0.838,0.8394,0.9979,0.902
40559,forged,8000,548,1.18,0.8949,0.8097,0.8148,0.9924,0.8865
4057,forged,8000,85,0.75,0.5711,0.3997,0.9969,0.4002,0.6258
40580,forged,8001,32,0.48,0.0,0.0,0.0,0.0,-0.0229
40582,forged,8000,11,0.36,0.7448,0.5934,0.8047,0.6933,0.7458
40656,forged,8000,12,0.35,0.1265,0.0675,0.0675,1.0,0.2467
40678,forged,8001,5,0.34,0.0,0.0,0.0,0.0,-0.016
40684,forged,8000,66,0.32,0.5607,0.3896,0.6237,0.5093,0.509
40718,forged,8000,10,0.71,0.3769,0.2322,0.2323,0.9981,0.4792
40728,forged,8000,24,0.4,0.0,0.0,0.0,0.0,-0.0025
40732,forged,8000,3,0.81,0.0,0.0,0.0,0.0,-0.005
40782,forged,8001,913,0.32,0.7529,0.6037,0.6037,1.0,0.6125
40803,forged,8000,755,1.05,0.9073,0.8304,0.8431,0.9822,0.892
40823,forged,8000,309,1.11,0.9028,0.8228,0.8241,0.9981,0.8986
40828,forged,8000,412,1.1,0.856,0.7483,0.7484,0.9999,0.8576
40834,forged,8001,37,0.38,0.4433,0.2848,0.2848,1.0,0.5227
40835,forged,8000,51,0.68,0.8737,0.7757,0.9477,0.8103,0.8757
40859,forged,8000,20,0.42,0.0,0.0,0.0,0.0,-0.0039
4087,forged,8000,6,0.52,0.0,0.0,0.0,0.0,-0.0016
40919,forged,8000,1125,1.07,0.8587,0.7524,0.9756,0.7669,0.8549
40934,forged,8001,29,0.39,0.5165,0.3481,0.4267,0.6541,0.5258
40938,forged,8000,9,0.38,0.0,0.0,0.0,0.0,-0.0231
40949,forged,8001,10,0.68,0.0,0.0,0.0,0.0,-0.0043
40960,forged,8000,28,0.36,0.4097,0.2577,0.2577,1.0,0.4889
40974,forged,8003,4,0.33,0.0213,0.0108,0.0264,0.0178,0.0182
40994,forged,8001,7,0.58,0.6339,0.464,0.7253,0.563,0.6316
41001,forged,8000,4,0.56,0.0053,0.0026,0.003,0.0243,0.0013
41011,forged,8000,91,0.39,0.686,0.522,0.6761,0.6961,0.6566
41017,forged,8001,16,0.7,0.0,0.0,0.0,0.0,-0.0091
41024,forged,8000,164,0.97,0.3715,0.2281,0.9169,0.2329,0.4518
41037,forged,8000,32,0.35,0.0,0.0,0.0,0.0,-0.0435
41043,forged,8000,425,1.11,0.9139,0.8415,0.8472,0.992,0.9072
41073,forged,8001,32,0.44,0.6121,0.441,0.4632,0.9017,0.6332
41079,forged,8000,31,0.32,0.5359,0.366,0.366,1.0,0.6037
41080,forged,8000,612,0.99,0.7184,0.5605,0.9876,0.5645,0.7344
41081,forged,8000,129,0.55,0.9155,0.8442,0.8487,0.9938,0.9123
41090,forged,8000,863,1.16,0.8624,0.7581,0.7581,1.0,0.859
41125,forged,8001,577,1.13,0.903,0.8232,0.8238,0.9991,0.8944
41142,forged,8000,35,0.69,0.6532,0.485,0.9925,0.4868,0.693
41171,forged,8000,74,0.47,0.8111,0.6822,0.6928,0.9781,0.8119
41172,forged,8000,4,0.33,0.0,0.0,0.0,0.0,-0.0051
41201,forged,8000,7,0.37,0.155,0.084,0.088,0.6495,0.2204
41227,forged,8000,32,0.39,0.0,0.0,0.0,0.0,-0.0033
41229,forged,8000,39,0.38,0.449,0.2895,0.2895,1.0,0.5231
41255,forged,8002,4,0.34,0.2606,0.1498,0.2181,0.3236,0.2629
41284,forged,6770,69,0.28,0.622,0.4514,0.4517,0.9985,0.6405
4129,forged,8000,27,0.59,0.8633,0.7595,0.7859,0.9578,0.8636
41295,forged,8000,193,1.04,0.8577,0.7508,0.829,0.8885,0.8466
41322,forged,8000,45,0.68,0.8675,0.7661,0.9652,0.7878,0.8714
414,forged,8000,435,0.39,0.7735,0.6306,0.6306,1.0,0.7636
41406,forged,8000,23,0.59,0.7358,0.582,0.587,0.9854,0.7536
41462,forged,8002,21,0.38,0.0,0.0,0.0,0.0,-0.0028
41484,forged,8001,17,0.34,0.0054,0.0027,0.0033,0.0134,-0.0758
41499,forged,8000,618,1.06,0.9064,0.8288,0.9555,0.862,0.9052
41517,forged,8000,630,1.24,0.8727,0.7742,0.7793,0.9916,0.866
41553,forged,8000,44,0.68,0.5847,0.4131,1.0,0.4131,0.6413
41565,forged,8000,58,0.68,0.8877,0.7981,0.9628,0.8236,0.8899
41583,forged,8000,17,0.69,0.4146,0.2616,0.2646,0.9581,0.4989
41585,forged,8000,62,0.45,0.7175,0.5595,0.5595,1.0,0.7382
41600,forged,8002,7,0.74,0.0,0.0,0.0,0.0,-0.0144
41618,forged,8000,49,0.4,0.7424,0.5903,0.5903,1.0,0.7589
41625,forged,8000,4,0.34,0.0,0.0,0.0,0.0,-0.0134
41629,forged,8000,6,0.31,0.2491,0.1423,0.1423,1.0,0.3728
41696,forged,8000,1290,1.13,0.9159,0.8449,0.8486,0.9949,0.8993
41697,forged,8000,116,0.72,0.6961,0.5339,0.9882,0.5373,0.726
41702,forged,8000,7,0.4,0.0453,0.0231,0.0236,0.5721,0.1061
41719,forged,8000,56,0.77,0.6578,0.49,0.4934,0.9863,0.6929
41726,forged,8000,22,0.46,0.5623,0.3911,0.3911,1.0,0.6131
41816,forged,8001,394,1.0,0.5449,0.3744,0.7984,0.4135,0.5635
41822,forged,8000,120,0.71,0.8317,0.7119,0.9856,0.7194,0.8405
41830,forged,8000,630,1.09,0.8395,0.7234,0.9693,0.7404,0.8416
41852,forged,5935,115,0.21,0.7498,0.5997,0.7245,0.7769,0.6526
41879,forged,8000,189,0.57,0.9035,0.824,0.8416,0.9752,0.8946
41886,forged,8001,1238,0.95,0.9315,0.8718,0.8901,0.977,0.9307
41895,forged,8000,19,0.38,0.3467,0.2097,0.2373,0.6432,0.3894
41926,forged,8000,36,0.3,0.8188,0.6931,0.8171,0.8205,0.7899
41930,forged,8001,48,0.49,0.8044,0.6729,0.6831,0.9781,0.8073
420,forged,8000,5,0.32,0.0,0.0,0.0,0.0,-0.0141
42034,forged,8001,36,0.98,0.7713,0.6277,0.9708,0.6398,0.7767
42035,forged,8000,396,0.97,0.7202,0.5628,0.9844,0.5678,0.7393
42039,forged,8000,117,0.59,0.9145,0.8424,0.8654,0.9694,0.9035
42083,forged,8000,10,0.42,0.4653,0.3031,0.3604,0.6562,0.4856
42097,forged,8000,296,1.29,0.8964,0.8122,0.8151,0.9957,0.8954
42118,forged,8000,5,0.41,0.0569,0.0293,0.0298,0.6447,0.1313
42121,forged,8000,4,0.45,0.0,0.0,0.0,0.0,-0.002
42187,forged,8001,45,0.35,0.7841,0.6449,0.7574,0.8127,0.7624
422,forged,8000,54,0.77,0.5899,0.4183,0.4183,1.0,0.642
42203,forged,8000,724,0.35,0.8199,0.6948,0.6948,1.0,0.7728
4221,forged,8000,3,0.41,0.4099,0.2578,0.4711,0.3628,0.4125
4222,forged,8000,123,0.61,0.9209,0.8534,0.9112,0.9308,0.9025
42246,forged,8000,106,0.67,0.0,0.0,0.0,0.0,-0.0657
42266,forged,8001,5,0.39,0.0872,0.0456,0.0456,1.0,0.2055
42268,forged,8000,257,0.4,0.7436,0.5919,0.6094,0.9536,0.7152
42287,forged,8001,4,0.39,0.0,0.0,0.0,0.0,-0.0112
42289,forged,8000,10,0.52,0.3773,0.2325,0.2325,1.0,0.4769
42305,forged,4427,13,0.67,0.0,0.0,0.0,0.0,-0.0033
42308,forged,8001,450,0.8,0.8163,0.6896,0.6896,1.0,0.8087
42333,forged,8000,3,0.82,0.0,0.0,0.0,0.0,-0.0032
42340,forged,8000,7,0.75,0.0,0.0,0.0,0.0,-0.0141
42385,forged,8000,292,0.43,0.8227,0.6989,0.699,0.9997,0.8205
42391,forged,8000,11,0.8,0.5594,0.3883,0.3887,0.9978,0.6207
42419,forged,8000,63,0.53,0.6717,0.5057,0.5105,0.9818,0.6915
42427,forged,8000,21,0.41,0.4641,0.3022,0.3022,1.0,0.5489
42443,forged,8001,21,0.4,0.67,0.5038,0.5166,0.9531,0.701
42461,forged,8001,19,0.35,0.3687,0.226,0.2433,0.7611,0.3544
42498,forged,8000,85,0.6,0.0,0.0,0.0,0.0,-0.0511
42512,forged,8000,5,0.57,0.2819,0.164,0.1656,0.9453,0.3922
42528,forged,8000,12,0.35,0.1313,0.0703,0.0703,1.0,0.2543
42630,forged,8000,6,0.33,0.0821,0.0428,0.0431,0.8545,0.1794
42632,forged,8001,636,1.32,0.9079,0.8313,0.8393,0.9886,0.9002
42641,forged,8002,70,0.42,0.733,0.5785,0.5785,1.0,0.7471
42698,forged,8000,87,0.47,0.8203,0.6954,0.7136,0.9646,0.816
427,forged,7675,32,0.32,0.5875,0.416,0.6826,0.5157,0.5298
42735,forged,8000,52,0.42,0.7475,0.5968,0.6129,0.9579,0.7649
42742,forged,8000,20,0.43,0.2193,0.1231,0.1231,1.0,0.345
42757,forged,8000,3,0.84,0.0,0.0,0.0,0.0,-0.0099
42776,forged,8000,5,0.52,0.0,0.0,0.0,0.0,-0.0137
42801,forged,8000,90,0.46,0.7449,0.5935,0.6001,0.9818,0.7339
42827,forged,8000,156,1.5,0.8614,0.7566,0.8705,0.8526,0.8454
42832,forged,8000,9,0.43,0.2156,0.1208,0.1208,1.0,0.3378
42834,forged,8000,3,1.09,0.0,0.0,0.0,0.0,-0.0063
42886,forged,8000,520,0.57,0.8581,0.7514,0.9707,0.7689,0.7779
42916,forged,8000,652,1.24,0.8931,0.8068,0.8205,0.9797,0.8805
42983,forged,8001,448,1.3,0.8387,0.7223,0.7223,1.0,0.8366
43085,forged,8001,284,1.78,0.7327,0.5781,0.8506,0.6435,0.7253
43093,forged,8000,176,1.54,0.8451,0.7318,0.7477,0.9718,0.8413
43106,forged,8000,3,0.42,0.0,0.0,0.0,0.0,-0.0027
43120,forged,8000,33,0.93,0.7509,0.6011,0.6185,0.9553,0.7648
43128,forged,8000,231,1.43,0.9274,0.8646,0.9132,0.942,0.9218
43142,forged,8001,57,0.52,0.77,0.626,0.626,1.0,0.7833
43161,forged,8000,5,0.72,0.0,0.0,0.0,0.0,-0.0108
43168,forged,8000,68,0.42,0.3887,0.2412,0.2412,1.0,0.4699
4318,forged,8000,17,0.43,0.0621,0.032,0.0344,0.3166,0.0477
43193,forged,8001,40,0.4,0.0,0.0,0.0,0.0,-0.0282
4321,forged,8001,170,0.79,0.7222,0.5652,0.7681,0.6815,0.6936
43222,forged,8000,32,0.53,0.5876,0.416,0.416,1.0,0.6295
4326,forged,8000,33,0.53,0.6186,0.4478,0.4929,0.8302,0.6231
43269,forged,8000,350,0.71,0.9224,0.8559,0.8619,0.992,0.9148
43270,forged,8001,121,1.35,0.8538,0.7449,0.8986,0.8133,0.8418
43285,forged,8001,23,0.39,0.5928,0.4213,0.4268,0.9702,0.6145
43300,forged,8000,397,0.74,0.8751,0.7779,0.8025,0.9622,0.865
43301,forged,8000,819,0.4,0.8473,0.7351,0.7351,1.0,0.8047
43324,forged,8000,658,1.58,0.8978,0.8145,0.8175,0.9955,0.8866
43340,forged,8000,5,0.41,0.1056,0.0557,0.0557,1.0,0.2297
43368,forged,8001,12,0.44,0.0,0.0,0.0,0.0,-0.0278
43391,forged,8000,7,0.46,0.0,0.0,0.0,0.0,-0.0332
43459,forged,8000,7,0.46,0.0,0.0,0.0,0.0,-0.0272
43582,forged,8000,17,0.88,0.64,0.4706,0.6405,0.6395,0.6326
43589,forged,8000,509,1.73,0.8963,0.8121,0.8121,1.0,0.8932
43610,forged,8001,11,0.53,0.6766,0.5112,0.7191,0.6388,0.6769
43623,forged,8000,6,0.54,0.5329,0.3633,0.4549,0.6433,0.5399
43659,forged,8001,77,0.57,0.9035,0.824,0.9302,0.8784,0.8906
43660,forged,8000,985,1.3,0.9168,0.8465,0.8568,0.9859,0.9018
43703,forged,8001,103,0.61,0.8221,0.6979,0.6985,0.9988,0.8261
4371,forged,8000,609,0.58,0.8795,0.7849,0.7894,0.9928,0.8606
43712,forged,8001,231,0.77,0.672,0.506,0.9967,0.5069,0.7006
43726,forged,8000,201,0.79,0.8585,0.752,0.7714,0.9676,0.8483
43760,forged,8000,12,0.97,0.0,0.0,0.0,0.0,-0.0034
43787,forged,8000,3,0.47,0.0,0.0,0.0,0.0,-0.0018
43810,forged,8000,31,0.51,0.6557,0.4877,0.6484,0.6631,0.654
43831,forged,8000,503,1.57,0.0,0.0,0.0,0.0,-0.0922
43839,forged,8000,56,0.56,0.6488,0.4801,0.4801,1.0,0.692
43850,forged,8002,109,0.89,0.5179,0.3494,0.3494,1.0,0.5821
43877,forged,8000,196,0.91,0.5142,0.3461,0.3461,1.0,0.5793
43915,forged,8001,8,0.42,0.4861,0.3211,0.3288,0.9313,0.5403
43955,forged,7720,14,0.44,0.0,0.0,0.0,0.0,-0.0155
43986,forged,8000,636,1.3,0.8648,0.7619,0.9541,0.7909,0.8637
43994,forged,8000,119,1.39,0.7878,0.6499,0.8229,0.7557,0.7707
44000,forged,7595,7,0.38,0.0748,0.0388,0.0419,0.3481,0.0952
44020,forged,8000,19,0.42,0.2942,0.1725,0.1725,1.0,0.407
44040,forged,8000,18,0.52,0.5415,0.3712,0.4699,0.6387,0.5467
44074,forged,8000,4,0.47,0.0902,0.0472,0.0472,1.0,0.21
44122,forged,8000,89,0.59,0.0,0.0,0.0,0.0,-0.0558
44157,forged,8000,7,2.1,0.7299,0.5747,0.5853,0.9695,0.7525
44171,forged,8000,76,0.54,0.8344,0.7158,0.7158,1.0,0.8363
44187,forged,8000,3,0.8,0.0,0.0,0.0,0.0,-0.0052
44208,forged,8000,393,0.47,0.865,0.7621,0.7623,0.9998,0.8434
44212,forged,8001,966,1.43,0.9314,0.8717,0.9456,0.9177,0.9293
44231,forged,8000,321,0.7,0.9157,0.8445,0.9112,0.9202,0.8965
44236,forged,8001,267,0.56,0.8198,0.6946,0.6946,1.0,0.8155
44267,forged,8001,177,0.49,0.8442,0.7305,0.7394,0.9836,0.8349
44291,authentic,8000,0,0.39,0.0,0.0,0.0,0.0,0.0
44298,forged,8001,5,0.49,0.0,0.0,0.0,0.0,-0.0011
44309,forged,8000,18,0.65,0.0,0.0,0.0,0.0,-0.0071
44311,forged,8000,7,0.64,0.5446,0.3742,0.5922,0.5041,0.545
44347,forged,8003,292,1.61,0.9185,0.8493,0.8812,0.9592,0.9104
44387,forged,8000,73,1.0,0.0539,0.0277,0.0543,0.0535,-0.0282
44399,forged,7854,453,0.38,0.694,0.5314,0.5314,1.0,0.6737
44408,forged,8001,5,0.46,0.0,0.0,0.0,0.0,-0.0162
44409,forged,8000,34,0.49,0.0,0.0,0.0,0.0,-0.0087
44420,forged,8000,9,0.53,0.5067,0.3393,0.3396,0.9979,0.5685
44426,forged,8001,115,0.68,0.816,0.6892,0.7152,0.95,0.7973
44475,forged,8001,6,0.48,0.0783,0.0408,0.0415,0.7025,0.1578
44554,forged,5843,116,0.33,0.6876,0.5239,0.5239,1.0,0.6762
44555,forged,8000,138,0.76,0.811,0.682,0.6856,0.9923,0.8102
44575,forged,8001,1288,1.46,0.96,0.9231,0.9456,0.9749,0.9585
4460,forged,8001,48,0.6,0.4692,0.3065,0.3604,0.6722,0.4883
44600,forged,8001,9,0.52,0.0,0.0,0.0,0.0,-0.0276
44606,forged,8000,58,0.47,0.2534,0.1451,0.1451,1.0,0.3646
44622,forged,8000,44,0.44,0.8889,0.8,0.861,0.9186,0.8736
44640,forged,8000,296,0.36,0.7507,0.601,0.601,1.0,0.7297
44648,forged,8001,15,0.44,0.6407,0.4713,0.8316,0.521,0.6563
44652,forged,8000,4,0.72,0.2777,0.1612,0.3584,0.2266,0.2759
44656,forged,8000,5,0.41,0.0,0.0,0.0,0.0,-0.0245
44666,forged,8000,361,0.47,0.7936,0.6578,0.6578,1.0,0.7616
44701,forged,8000,610,1.43,0.8832,0.7908,0.791,0.9997,0.8815
44749,forged,8001,75,0.93,0.8568,0.7495,0.979,0.7618,0.8626
44750,forged,8000,4,5.78,0.4575,0.2966,0.3465,0.6734,0.4818
44751,forged,8000,581,1.41,0.9368,0.8811,0.959,0.9156,0.9356
44778,forged,7779,333,0.39,0.6305,0.4604,0.4604,1.0,0.636
44800,forged,8000,52,0.47,0.2017,0.1122,0.1122,1.0,0.32
4481,forged,8000,145,0.69,0.0,0.0,0.0,0.0,-0.0655
44821,forged,8000,8,0.41,0.6246,0.4541,0.6349,0.6146,0.6233
44825,forged,8001,13,0.95,0.0,0.0,0.0,0.0,-0.0509
44829,forged,8001,348,0.55,0.8833,0.7909,0.791,0.9999,0.8646
44838,forged,8000,178,0.87,0.6916,0.5286,0.773,0.6258,0.6551
4490,forged,8000,21,0.61,0.5661,0.3948,0.4964,0.6585,0.5701
44928,forged,8002,14,0.47,0.0,0.0,0.0,0.0,-0.0171
44940,forged,8000,9,0.54,0.5167,0.3484,0.3487,0.9976,0.5893
45004,forged,8001,15,0.48,0.0,0.0,0.0,0.0,-0.0189
45025,forged,8001,16,0.82,0.7117,0.5524,0.5524,1.0,0.7406
45030,forged,8001,37,0.88,0.6325,0.4625,0.6406,0.6246,0.6175
4508,forged,8000,121,0.88,0.7452,0.5939,0.952,0.6123,0.7588
45124,forged,7308,97,0.41,0.0,0.0,0.0,0.0,-0.0331
45133,forged,8000,12,0.47,0.0933,0.0489,0.0489,1.0,0.2119
45139,forged,8000,166,1.48,0.9025,0.8223,0.8606,0.9487,0.8965
45151,forged,8001,203,0.47,0.7638,0.6178,0.6178,1.0,0.7637
45152,forged,8002,47,0.57,0.6088,0.4376,0.4433,0.9715,0.6434
45180,forged,8000,4,0.53,0.0705,0.0366,1.0,0.0366,0.1878
45182,forged,8000,1969,1.32,0.9335,0.8753,0.8762,0.9989,0.9336
45202,forged,2187,50,0.12,0.584,0.4124,0.4124,1.0,0.5784
45218,forged,8001,274,0.43,0.625,0.4545,0.4545,1.0,0.6334
45269,forged,8000,11,0.54,0.4605,0.2991,0.4097,0.5257,0.4627
45287,forged,8000,49,0.89,0.0,0.0,0.0,0.0,-0.0007
45310,forged,8000,23,0.51,0.4345,0.2776,0.3268,0.6483,0.4583
45315,forged,8000,575,1.46,0.8746,0.7772,0.7772,1.0,0.8695
45345,forged,8000,13,0.91,0.5141,0.346,0.3544,0.9356,0.5719
45376,forged,8000,9,0.56,0.7094,0.5497,0.6107,0.8463,0.7184
45377,forged,8000,16,1.31,0.4665,0.3042,0.3066,0.9757,0.5423
45381,forged,8001,3,1.02,0.0,0.0,0.0,0.0,-0.0059
45400,forged,8000,12,0.48,0.0,0.0,0.0,0.0,-0.0025
45485,forged,8000,7,0.78,0.3641,0.2226,0.2566,0.6268,0.3939
45496,forged,8000,142,0.52,0.8645,0.7613,0.7729,0.9807,0.859
45522,forged,5181,44,0.26,0.6764,0.511,0.7839,0.5948,0.6049
45536,forged,8001,28,0.71,0.863,0.759,0.776,0.972,0.8654
45552,forged,8000,3,0.48,0.0,0.0,0.0,0.0,-0.0019
4556,forged,8000,7,0.43,0.1455,0.0785,0.0786,0.9762,0.2661
45563,forged,8001,134,0.35,0.8575,0.7506,0.7577,0.9877,0.7721
45602,forged,8001,10,0.8,0.0,0.0,0.0,0.0,-0.001
45620,forged,8000,178,0.67,0.8992,0.8168,0.8484,0.9565,0.8911
45686,forged,7061,195,0.36,0.8667,0.7647,0.8799,0.8539,0.7717
45710,forged,8001,141,0.6,0.7339,0.5797,0.943,0.6008,0.7252
45712,forged,8000,11,0.4,0.0,0.0,0.0,0.0,-0.0418
45720,forged,8000,66,0.78,0.7418,0.5895,0.5895,1.0,0.7635
45767,forged,8000,54,0.6,0.7925,0.6563,0.6596,0.9924,0.7988
45784,forged,8000,8,0.42,0.1363,0.0731,0.0731,1.0,0.2621
45821,forged,8001,10,0.48,0.3822,0.2363,0.2363,1.0,0.4809
45838,forged,8000,23,0.64,0.6306,0.4605,0.4605,1.0,0.6779
45866,forged,4428,26,0.3,0.6748,0.5092,0.7749,0.5977,0.6088
45878,forged,8001,16,1.01,0.6585,0.4909,0.801,0.5591,0.6585
45889,forged,8000,588,0.63,0.9476,0.9004,0.9104,0.9879,0.9209
45911,forged,1982,5,0.13,0.2725,0.1577,0.1657,0.7667,0.2893
45913,forged,8000,7,0.54,0.0244,0.0124,0.0125,0.4653,0.0658
4592,forged,8000,120,0.92,0.8906,0.8028,0.873,0.9089,0.8792
45958,forged,8000,4,0.62,0.3808,0.2352,0.3979,0.3651,0.3797
46006,forged,8000,93,0.78,0.7944,0.6589,0.9119,0.7037,0.7659
46083,forged,8000,49,0.57,0.0,0.0,0.0,0.0,-0.0462
4609,forged,8002,43,1.04,0.5318,0.3622,0.4393,0.6738,0.5334
46098,forged,3088,11,0.2,0.3601,0.2196,0.349,0.372,0.2237
46106,forged,8000,13,0.91,0.2337,0.1323,0.14,0.7061,0.31
46109,forged,7558,121,0.49,0.7994,0.6658,0.6658,1.0,0.8003
46171,forged,8000,13,0.41,0.451,0.2912,0.2912,0.9994,0.4996
46175,forged,8000,22,0.99,0.0,0.0,0.0,0.0,-0.0314
46202,forged,8000,77,0.91,0.9191,0.8503,0.9548,0.8859,0.9191
46206,forged,8000,4,2.0,0.0245,0.0124,0.0162,0.0501,0.0249
46212,forged,8000,14,0.55,0.254,0.1455,0.1455,1.0,0.3735
46226,forged,8000,434,1.62,0.9226,0.8564,0.8654,0.988,0.9169
46243,forged,8000,72,0.47,0.7352,0.5813,0.7121,0.7599,0.644
46305,forged,8000,21,0.97,0.0,0.0,0.0,0.0,-0.0162
46309,forged,8000,86,0.54,0.7072,0.547,0.5481,0.9962,0.7263
46310,forged,8000,11,1.44,0.3642,0.2227,0.7451,0.241,0.4124
46312,authentic,8001,0,0.49,0.0,0.0,0.0,0.0,0.0
4634,forged,8000,11,0.47,0.1934,0.107,0.1134,0.6546,0.253
46356,forged,8001,487,0.85,0.8574,0.7504,0.7754,0.9587,0.8391
46366,forged,8000,17,0.8,0.0,0.0,0.0,0.0,-0.0228
46425,forged,8000,34,0.57,0.8559,0.748,0.8164,0.8993,0.856
46444,forged,8000,5,0.46,0.0,0.0,0.0,0.0,-0.0206
46473,forged,8000,9,0.51,0.3244,0.1936,0.2153,0.6575,0.3755
4650,forged,8001,14,0.44,0.1444,0.0778,0.0881,0.3989,0.1296
46500,forged,8002,60,1.45,0.878,0.7826,0.8043,0.9667,0.878
46511,forged,8000,107,1.55,0.9068,0.8295,0.8783,0.9373,0.9018
46547,forged,8000,3,0.38,0.0,0.0,0.0,0.0,-0.0047
46568,forged,8001,60,0.39,0.8133,0.6853,0.7175,0.9386,0.768
46577,forged,8001,11,0.92,0.0,0.0,0.0,0.0,-0.0124
46698,forged,5832,58,0.26,0.7303,0.5752,0.5752,1.0,0.7177
46733,forged,8001,4,0.76,0.0,0.0,0.0,0.0,-0.0084
46735,forged,1664,9,0.08,0.3666,0.2245,0.2253,0.9826,0.4038
46754,forged,8000,768,1.28,0.8339,0.7151,0.9823,0.7244,0.8364
46819,forged,8001,9,0.41,0.0909,0.0476,0.0488,0.6573,0.1631
46836,forged,8000,424,1.33,0.897,0.8132,0.9052,0.8889,0.877
46849,forged,8000,190,0.88,0.7271,0.5712,0.9736,0.5802,0.7454
46885,forged,8000,30,0.5,0.5189,0.3503,0.3547,0.9659,0.5841
46887,forged,8000,31,0.69,0.0041,0.0021,0.0023,0.0211,-0.0058
46898,forged,8000,10,0.74,0.5169,0.3485,0.3668,0.8753,0.563
46907,forged,8000,522,0.73,0.7849,0.6459,0.646,0.9998,0.7686
46910,forged,5923,368,0.32,0.7658,0.6205,0.6229,0.994,0.6529
46927,forged,8000,1374,0.47,0.8916,0.8045,0.8045,1.0,0.8061
46933,forged,8000,292,1.47,0.9182,0.8488,0.8728,0.9686,0.9139
46935,forged,8000,9,0.45,0.1843,0.1015,0.1015,0.9976,0.3032
46969,forged,8000,11,0.85,0.4687,0.3061,0.3083,0.9772,0.5457
46974,forged,8001,22,0.46,0.6748,0.5092,0.9059,0.5376,0.6959
46979,forged,8000,7,0.45,0.1434,0.0773,0.0845,0.4752,0.183
47003,forged,8001,176,1.44,0.9087,0.8326,0.8422,0.9866,0.9053
47017,forged,6464,64,0.27,0.5481,0.3775,0.3775,1.0,0.567
47030,forged,8000,54,0.93,0.7287,0.5732,0.5785,0.9845,0.7493
47033,forged,8000,20,0.46,0.0,0.0,0.0,0.0,-0.0032
47049,forged,8001,23,0.48,0.0,0.0,0.0,0.0,-0.0061
47052,forged,8001,14,0.44,0.0813,0.0424,0.0424,1.0,0.1989
47068,forged,8001,317,1.54,0.9142,0.8419,0.8598,0.9759,0.9074
47069,forged,8002,58,0.58,0.7364,0.5828,0.7089,0.7662,0.7174
47090,forged,8001,96,0.43,0.6272,0.4569,0.4569,1.0,0.6622
47097,forged,8000,47,0.88,0.6045,0.4332,0.4389,0.9708,0.6484
47101,forged,8003,48,0.49,0.7359,0.5821,0.5893,0.9795,0.7448
47133,forged,8000,9,0.69,0.3703,0.2272,0.228,0.9858,0.4705
47151,forged,8000,10,0.49,0.5949,0.4234,0.4308,0.9613,0.643
4716,forged,8000,509,1.4,0.9227,0.8565,0.8575,0.9986,0.9182
47185,forged,8000,10,0.72,0.0,0.0,0.0,0.0,-0.0115
47238,forged,8000,332,1.41,0.9012,0.8201,0.8225,0.9965,0.8998
47252,forged,8000,11,0.54,0.0,0.0,0.0,0.0,-0.0017
47261,forged,8000,103,0.43,0.4292,0.2733,0.4055,0.4559,0.2373
47318,forged,6314,6,0.39,0.1454,0.0784,0.0835,0.5614,0.1952
4733,forged,8000,56,0.95,0.5906,0.4191,0.4191,1.0,0.6421
47366,forged,8000,18,0.53,0.8272,0.7053,0.817,0.8377,0.8264
47376,forged,8000,42,0.56,0.8215,0.697,0.6978,0.9985,0.8238
4740,forged,8000,723,1.33,0.7894,0.6521,0.9739,0.6637,0.7931
47405,forged,8000,20,0.53,0.5139,0.3458,0.442,0.6138,0.5192
47424,forged,8000,267,0.97,0.5231,0.3542,0.9973,0.3546,0.5737
47426,forged,8000,4,19.29,0.0,0.0,0.0,0.0,-0.0009
4743,forged,8000,9,0.47,0.0591,0.0304,0.0308,0.7407,0.134
47441,forged,8000,12,0.74,0.0,0.0,0.0,0.0,-0.0051
47513,forged,8000,15,0.47,0.2472,0.141,0.2316,0.265,0.1746
47574,forged,8000,3,0.84,0.0,0.0,0.0,0.0,-0.005
47586,forged,8000,19,0.54,0.4647,0.3026,0.3026,1.0,0.5493
4772,forged,8000,9,0.8,0.0,0.0,0.0,0.0,-0.0068
47770,forged,8001,39,1.22,0.1231,0.0656,0.1091,0.1414,0.1001
47777,forged,8000,4,1.0,0.2706,0.1564,0.1678,0.6973,0.3388
47790,forged,8000,95,0.6,0.5782,0.4066,0.5321,0.6329,0.555
47830,forged,8000,610,1.62,0.0,0.0,0.0,0.0,-0.1121
47871,forged,8000,10,0.54,0.2386,0.1354,0.1426,0.7285,0.3219
47916,forged,8000,492,0.87,0.9441,0.894,0.9293,0.9593,0.9349
47980,forged,8000,702,1.26,0.0,0.0,0.0,0.0,-0.0371
48001,forged,8000,28,1.07,0.7595,0.6122,0.8706,0.6735,0.7549
4806,forged,8000,120,0.88,0.8174,0.6912,0.9879,0.6971,0.828
48070,forged,8000,4,0.47,0.1409,0.0758,0.7058,0.0783,0.2321
48113,forged,8000,8,0.47,0.0,0.0,0.0,0.0,-0.0089
48130,forged,8001,5,0.46,0.0276,0.014,0.0143,0.456,0.0681
48131,forged,8001,9,0.8,0.0,0.0,0.0,0.0,-0.0275
48147,forged,8000,16,0.48,0.0,0.0,0.0,0.0,-0.0312
48184,forged,8000,61,0.94,0.0,0.0,0.0,0.0,-0.011
48207,forged,8000,84,0.76,0.6465,0.4776,0.8771,0.5119,0.6287
48216,forged,8000,123,0.84,0.8254,0.7027,0.9072,0.7571,0.8134
48219,forged,8001,525,0.71,0.9159,0.8449,0.845,0.9997,0.9056
48255,forged,6423,23,0.34,0.0199,0.01,0.0108,0.12,-0.0008
48271,forged,8000,60,0.52,0.7832,0.6437,0.6453,0.9961,0.801
48272,forged,8000,135,0.88,0.913,0.8399,0.9381,0.8892,0.9004
48275,forged,8001,7,0.41,0.0891,0.0466,0.0479,0.6402,0.1578
48280,forged,8000,17,0.4,0.1104,0.0584,0.0602,0.6658,0.1746
48291,forged,8000,10,0.46,0.0065,0.0033,0.0034,0.0732,-0.0029
48293,forged,8000,270,0.51,0.8589,0.7528,0.7543,0.9973,0.831
48333,forged,8000,27,0.49,0.8453,0.7321,0.879,0.8142,0.8444
48351,forged,8000,9,0.52,0.3957,0.2466,0.3128,0.5384,0.4089
48358,forged,8000,474,0.84,0.9172,0.8471,0.9339,0.9012,0.8908
48390,forged,8000,77,0.45,0.8009,0.6679,0.8188,0.7838,0.7957
48419,forged,8000,14,0.41,0.0295,0.015,0.0158,0.2273,0.0253
4845,forged,8000,26,0.45,0.5024,0.3355,0.3418,0.9478,0.5505
48454,forged,8000,79,1.03,0.8892,0.8005,0.848,0.9345,0.8855
4853,forged,8000,43,0.96,0.5842,0.4127,0.9969,0.4132,0.6394
48562,forged,8000,46,1.02,0.7172,0.559,0.559,1.0,0.7445
4858,forged,8000,1032,1.34,0.0,0.0,0.0,0.0,-0.0293
4865,forged,8000,16,0.53,0.002,0.001,0.0011,0.0191,-0.0314
48680,forged,8001,44,0.54,0.7484,0.5979,0.6054,0.9798,0.769
48697,forged,8002,5,0.47,0.1479,0.0799,0.1798,0.1256,0.0353
48704,forged,8000,94,0.87,0.8381,0.7213,0.9882,0.7275,0.8464
48705,forged,7522,6,0.43,0.0,0.0,0.0,0.0,-0.0278
48718,forged,8000,5,0.62,0.045,0.023,0.0264,0.1536,0.05
48730,forged,8000,30,0.55,0.6585,0.4908,0.5333,0.8605,0.6572
48779,forged,8001,3,0.85,0.0,0.0,0.0,0.0,-0.005
48806,forged,8000,139,1.45,0.9128,0.8396,0.8936,0.9329,0.9064
48818,forged,8000,22,0.85,0.8286,0.7074,0.7179,0.9796,0.8356
48836,forged,8000,15,0.73,0.5823,0.4107,0.7739,0.4667,0.5816
48880,forged,8000,4,0.91,0.0,0.0,0.0,0.0,-0.005
48919,forged,8000,27,0.51,0.0,0.0,0.0,0.0,-0.0054
48937,forged,8000,178,0.87,0.8135,0.6857,0.9894,0.6908,0.8228
48945,forged,8000,32,0.44,0.4241,0.2691,0.2691,1.0,0.4923
48981,forged,8001,867,1.37,0.9018,0.8212,0.8212,1.0,0.8941
4899,forged,8000,52,0.74,0.807,0.6765,0.6798,0.9929,0.8177
48996,forged,8000,15,0.42,0.6025,0.4312,0.4916,0.7781,0.6172
48997,forged,8000,26,0.51,0.8409,0.7255,0.7558,0.9477,0.8457
49009,forged,8000,236,0.9,0.8752,0.7781,0.7851,0.9888,0.87
49042,forged,8000,4,0.72,0.029,0.0147,0.0266,0.0317,0.0095
49080,forged,8000,24,0.85,0.0,0.0,0.0,0.0,-0.0003
49131,forged,8000,9,0.46,0.0,0.0,0.0,0.0,-0.0251
49149,forged,8000,16,0.52,0.0,0.0,0.0,0.0,-0.0034
4920,forged,8000,214,0.42,0.7633,0.6172,0.6731,0.8815,0.7198
49233,forged,8001,30,0.47,0.6246,0.4542,0.4569,0.987,0.6706
49237,forged,8000,367,1.49,0.8983,0.8155,0.8188,0.995,0.8954
49318,forged,8000,4,0.4,0.044,0.0225,0.024,0.2657,0.0649
49351,forged,8001,1120,1.36,0.9332,0.8748,0.9288,0.9377,0.9311
49410,forged,8000,185,0.73,0.8987,0.816,0.8222,0.9908,0.8923
49506,forged,8000,25,0.86,0.2987,0.1755,0.1755,1.0,0.4161
49514,forged,8001,43,0.54,0.7089,0.5491,0.5491,1.0,0.7332
49541,forged,8000,23,0.48,0.0,0.0,0.0,0.0,-0.0062
4955,forged,8000,383,1.49,0.8931,0.8068,0.8086,0.9972,0.8909
49567,forged,8001,564,1.43,0.9252,0.8608,0.884,0.9704,0.9164
4957,forged,825,9,0.05,0.3357,0.2017,0.2017,1.0,0.3355
49583,forged,8000,114,0.87,0.6921,0.5291,0.9931,0.5311,0.7212
49613,forged,8000,167,0.79,0.8006,0.6675,0.9729,0.6801,0.8101
49622,forged,8001,13,0.46,0.0,0.0,0.0,0.0,-0.0023
49672,forged,8000,79,0.57,0.4289,0.273,0.3215,0.6441,0.4213
49710,forged,8000,11,0.49,0.5134,0.3454,0.4302,0.6366,0.5218
49711,forged,8000,244,0.83,0.6368,0.4671,0.9739,0.473,0.6705
49712,forged,8000,62,0.46,0.7003,0.5388,0.5406,0.9936,0.7155
49716,forged,8000,123,0.77,0.0,0.0,0.0,0.0,-0.0123
49721,forged,8001,8,0.41,0.1205,0.0641,0.0664,0.6502,0.1937
49733,forged,8000,4,0.44,0.3258,0.1946,0.2225,0.6086,0.3667
49740,forged,8001,47,0.84,0.5691,0.3978,0.9849,0.4002,0.6252
49770,forged,8000,5,0.41,0.6866,0.5228,0.583,0.835,0.6965
49777,forged,8000,25,0.44,0.3265,0.1951,0.2169,0.6596,0.3471
49797,forged,4911,118,0.3,0.8614,0.7565,0.7776,0.9654,0.8466
49799,forged,8000,8,0.5,0.7299,0.5746,0.9945,0.5764,0.7562
49819,forged,8001,20,0.79,0.61,0.4389,0.9951,0.4399,0.6604
49827,forged,8000,6,0.8,0.0748,0.0388,0.0756,0.074,0.0632
4984,forged,8000,9,0.46,0.1975,0.1096,0.1131,0.7817,0.2825
49903,forged,8000,5,0.58,0.2067,0.1153,0.2279,0.1892,0.171
4992,forged,8000,3,1.05,0.0,0.0,0.0,0.0,-0.0039
49921,forged,2243,10,0.13,0.1878,0.1037,0.1037,1.0,0.2824
49928,forged,8000,311,0.55,0.88,0.7857,0.7873,0.9975,0.8617
49956,forged,8000,174,0.98,0.8532,0.744,0.8462,0.8602,0.8283
49969,forged,8000,6,0.46,0.1205,0.0641,0.0641,1.0,0.2463
49982,forged,8002,40,0.56,0.6275,0.4572,0.68,0.5825,0.6035
4999,forged,8000,3,0.42,0.0,0.0,0.0,0.0,-0.0024
50000,forged,8000,249,1.23,0.9363,0.8802,0.9667,0.9077,0.928
50028,forged,8000,53,0.96,0.0,0.0,0.0,0.0,-0.0195
5003,forged,8000,14,0.45,0.0,0.0,0.0,0.0,-0.0104
50069,forged,8000,24,0.51,0.0,0.0,0.0,0.0,-0.0028
5009,forged,8001,134,0.47,0.6567,0.4889,0.4889,1.0,0.6808
50117,forged,8000,74,0.8,0.6791,0.5142,0.7931,0.5938,0.6831
50124,forged,8000,56,0.58,0.0,0.0,0.0,0.0,-0.037
50126,forged,8000,5,0.44,0.0,0.0,0.0,0.0,-0.0305
50158,forged,8000,423,0.61,0.6028,0.4314,0.4817,0.8054,0.5673
50229,forged,8001,5,0.5,0.0272,0.0138,0.0144,0.2424,0.0484
5023,forged,8000,431,1.58,0.8984,0.8156,0.8511,0.9512,0.8838
50237,forged,8000,27,0.52,0.5314,0.3618,0.4544,0.6397,0.537
50245,forged,8000,5,0.43,0.0409,0.0209,0.022,0.2846,0.061
50255,forged,8000,8,0.47,0.0,0.0,0.0,0.0,-0.0167
50258,forged,8000,938,0.38,0.7974,0.6631,0.6631,1.0,0.7054
50267,forged,8000,207,1.43,0.9053,0.8269,0.8692,0.9445,0.8996
50280,forged,8000,199,0.66,0.86,0.7544,0.7568,0.9959,0.8539
50294,forged,8000,16,0.45,0.0374,0.0191,0.0199,0.326,0.0477
50311,forged,8000,7,0.43,0.033,0.0168,0.0185,0.158,0.0286
50315,forged,8000,32,0.5,0.8969,0.8131,0.8437,0.9573,0.8981
50357,forged,8001,168,0.91,0.8291,0.7081,0.7085,0.9992,0.8327
50362,forged,8000,16,0.51,0.6049,0.4335,0.5287,0.7067,0.6103
50396,forged,8000,17,0.6,0.7338,0.5795,0.7705,0.7004,0.7178
50419,forged,8000,990,0.64,0.8004,0.6672,0.8175,0.784,0.7083
50471,forged,8000,99,0.36,0.5856,0.414,0.414,1.0,0.6161
50487,forged,8000,233,0.7,0.7606,0.6137,0.6137,1.0,0.7729
50502,forged,8000,12,0.49,0.7709,0.6272,0.8721,0.6907,0.7753
50505,forged,8000,191,1.49,0.9159,0.8448,0.9303,0.9019,0.91
50539,forged,8000,10,0.41,0.1889,0.1043,0.1043,1.0,0.316
50568,forged,2590,6,0.14,0.1787,0.0981,0.0983,0.9791,0.2791
50573,forged,8000,26,0.49,0.537,0.3671,0.387,0.877,0.5818
50607,forged,8000,17,0.54,0.5956,0.4241,0.5897,0.6016,0.5939
50632,forged,8000,36,0.97,0.643,0.4739,0.596,0.6982,0.6385
50636,forged,8000,13,0.47,0.4368,0.2794,0.3354,0.6262,0.4572
50664,forged,8000,433,1.57,0.8586,0.7523,0.7523,1.0,0.8567
50666,forged,8000,17,0.43,0.2087,0.1165,0.1165,1.0,0.3297
50673,forged,8000,6,0.76,0.3856,0.2389,0.2721,0.6613,0.4193
50679,forged,8000,84,0.44,0.7049,0.5443,0.5443,1.0,0.709
50690,forged,8000,57,1.04,0.8788,0.7837,0.9173,0.8433,0.8724
50698,forged,8000,112,0.49,0.6043,0.4329,0.4329,1.0,0.6196
50720,forged,8000,570,1.56,0.8618,0.7572,0.7589,0.9972,0.8545
50767,forged,8000,205,0.68,0.8974,0.8139,0.8151,0.9981,0.8899
50793,forged,8000,137,0.96,0.6242,0.4537,0.457,0.9845,0.6614
5080,forged,8000,1234,1.43,0.8894,0.8008,0.979,0.8148,0.8867
50814,forged,8001,395,1.26,0.5479,0.3773,0.8946,0.3948,0.5832
50848,forged,8000,11,0.71,0.0,0.0,0.0,0.0,-0.0076
50877,forged,8000,19,0.55,0.0,0.0,0.0,0.0,-0.0034
50905,forged,8000,17,0.61,0.0,0.0,0.0,0.0,-0.0244
50907,forged,8000,18,0.89,0.603,0.4316,0.6538,0.5596,0.5875
50921,forged,8000,16,0.48,0.7835,0.644,0.7629,0.8052,0.7826
50924,forged,8000,274,0.84,0.6083,0.4371,0.4371,1.0,0.6487
50968,forged,7805,6,0.43,0.1487,0.0803,0.0842,0.6361,0.2114
50978,forged,8001,561,1.49,0.9195,0.851,0.8738,0.9703,0.9052
50983,forged,8000,5,1.42,0.5186,0.3501,0.4315,0.6497,0.5275
50989,forged,4223,93,0.24,0.0,0.0,0.0,0.0,-0.2048
50999,forged,8000,18,0.92,0.6667,0.5001,0.5291,0.901,0.6858
51038,forged,8000,46,0.5,0.6726,0.5067,0.5068,0.9996,0.7109
51045,forged,8000,445,0.41,0.8266,0.7045,0.7086,0.9918,0.7696
51069,forged,8002,4,0.44,0.1154,0.0612,0.283,0.0725,0.1366
51085,forged,8000,23,0.49,0.536,0.3661,0.4527,0.657,0.5435
51087,forged,8000,255,0.37,0.1573,0.0853,0.1027,0.3358,-0.2361
51101,forged,8000,984,1.27,0.8719,0.7728,0.9591,0.7992,0.8699
51155,forged,8001,414,1.25,0.8828,0.7901,0.7915,0.9978,0.8779
51165,forged,8000,142,0.74,0.8556,0.7477,0.9852,0.7562,0.8611
51168,forged,8000,505,1.37,0.9053,0.827,0.8284,0.9979,0.9002
51169,forged,8000,4,0.8,0.0,0.0,0.0,0.0,-0.0058
51177,forged,8000,3,0.84,0.0,0.0,0.0,0.0,-0.0077
51198,forged,8001,10,0.57,0.6591,0.4915,0.5944,0.7396,0.662
51227,forged,8000,11,0.57,0.2108,0.1178,0.1178,1.0,0.3314
51234,forged,8001,8,0.8,0.0,0.0,0.0,0.0,-0.0221
5125,forged,8000,1272,1.42,0.9415,0.8895,0.9107,0.9746,0.9403
5126,forged,5229,9,0.32,0.284,0.1655,0.1821,0.6447,0.3132
51277,forged,8000,16,0.47,0.1111,0.0588,0.0605,0.6735,0.1754
5130,forged,8001,232,0.48,0.7096,0.5499,0.5499,1.0,0.7121
51300,forged,5026,100,0.87,0.6583,0.4906,0.4906,1.0,0.6958
51306,forged,7421,59,0.45,0.6034,0.432,0.432,1.0,0.6344
51313,forged,8000,4,0.7,0.0329,0.0167,0.0192,0.115,0.0382
51342,forged,8000,5,0.47,0.0,0.0,0.0,0.0,-0.0208
51345,forged,8000,603,1.43,0.8602,0.7547,0.9852,0.7634,0.862
51441,forged,8001,47,1.01,0.5251,0.356,0.356,1.0,0.5911
51464,forged,8000,1224,0.96,0.8096,0.6801,0.8847,0.7462,0.6742
5151,forged,8000,106,1.04,0.6093,0.4381,0.4381,1.0,0.657
51524,forged,8000,238,1.37,0.5054,0.3381,0.9726,0.3414,0.5638
51552,forged,8000,52,0.5,0.8057,0.6746,0.7343,0.8925,0.7838
51608,forged,8000,24,0.56,0.5832,0.4116,0.4118,0.9988,0.6406
51643,forged,8001,256,0.89,0.946,0.8976,0.9107,0.9843,0.939
51668,forged,8000,24,0.72,0.4353,0.2782,0.2784,0.9979,0.5221
51688,forged,8000,10,0.53,0.5596,0.3885,0.493,0.647,0.5637
51718,forged,8001,16,0.79,0.6345,0.4647,0.8066,0.523,0.641
51742,forged,8000,80,0.84,0.8158,0.6888,0.9891,0.6941,0.8271
5175,forged,8000,158,0.81,0.9004,0.8189,0.8254,0.9905,0.8962
51771,forged,6421,20,0.28,0.4684,0.3058,0.3058,1.0,0.4993
51787,forged,8000,796,1.59,0.8577,0.7508,0.7508,1.0,0.8536
51796,forged,8000,32,0.53,0.0,0.0,0.0,0.0,-0.0034
5180,forged,8000,753,1.5,0.9129,0.8398,0.846,0.9913,0.8982
51831,forged,3254,59,0.17,0.6028,0.4314,0.4314,1.0,0.6268
51891,forged,8000,585,1.57,0.0,0.0,0.0,0.0,-0.1338
51906,forged,8000,11,0.93,0.0,0.0,0.0,0.0,-0.013
